cellID,donorID,UMAP_1,UMAP_2,cluster,pseudotime,cc_2aa_tcrdist,cc_2aa_tcrdist_size
CD2_gut_TACACGAGTCAACATC-1,CD2,1.10996276693413,-0.132828261872457,Th17_1,0.60898768901825,40673,2
CD2_gut_CATGACACAAGTTCTG-1,CD2,1.61928231077263,-1.17931782843702,Th17_2,0.662702679634094,40028,10
CD2_gut_GAAATGAGTAATTGGA-1,CD2,0.757928674984667,0.284955952147318,Th17_1,0.566414654254913,40536,4
CD2_gut_GATCTAGAGACAGGCT-1,CD2,5.42520232306788,-0.644087147136854,Th17_2,0.909649670124054,39363,3
CD2_gut_TCAGATGCATTAGGCT-1,CD2,5.5789410974271,-0.773897529748903,Th17_2,0.926753997802734,17999,197
CD2_gut_GCAGCCAAGACACTAA-1,CD2,-3.17590301675728,-2.37723818065755,Tcm,0.479297518730164,42058,2
CD2_gut_GTGAAGGTCATAGCAC-1,CD2,1.0924180205352,0.268548104742838,Th17_1,0.652515649795532,40426,4
CD2_gut_GTCTTCGAGACCTTTG-1,CD2,2.17273814039299,-1.91724696399801,Th17_2,0.659792184829712,43069,2
CD2_gut_TCACGAACAAGGTTTC-1,CD2,-3.93562858743599,-1.08556174876325,Tcm,0.298053443431854,39797,4
CD2_gut_GACGGCTGTGAGTATA-1,CD2,-0.828684026431349,-1.2988628411495,Tcm,0.461374938488007,40017,11
CD2_gut_AGGTCCGCACGGACAA-1,CD2,-3.58029716653755,-2.1134892964565,Tcm,0.38883113861084,43099,3
CD2_gut_GCTGCGACATCTGGTA-1,CD2,-3.56604355020454,-1.99683215858571,Tcm,0.354608297348022,41422,16
CD2_gut_AAAGATGAGATGAGAG-1,CD2,2.41099316434929,0.935072395781352,Th17_1,0.755490362644196,39810,64
CD2_gut_CGTCCATAGGTAGCCA-1,CD2,-4.08412616891792,-0.894772622903512,Tcm,0.323441445827484,41582,3
CD2_gut_TCAGATGGTCCGTCAG-1,CD2,2.94061452703545,-1.53361037017934,Th17_2,0.831640541553497,41482,2
CD2_gut_AGACGTTAGGACTGGT-1,CD2,1.45301467733452,0.318818304518534,Th17_1,0.725556552410126,42638,3
CD2_gut_ACATGGTAGGCGCTCT-1,CD2,5.06775260524819,-0.441526409407781,Th17_2,0.923169076442719,39202,14
CD2_gut_TAGTGGTAGAGTAATC-1,CD2,-0.531305486392286,-2.07031574489705,Tcm,0.375973045825958,41769,10
CD2_gut_CGCTTCAGTCTAACGT-1,CD2,-4.48433941049507,-0.685789037665056,Tcm,0.319262623786926,39949,5
CD2_gut_GGATTACGTGTTCTTT-1,CD2,3.7637078221328,-1.38740679266088,Th17_1,0.823441386222839,41530,2
CD2_gut_CGCTATCAGCTGAACG-1,CD2,5.43542587192723,-0.464887585660146,Th17_2,0.927657246589661,40771,2
CD2_gut_TCAGGTACAAGAGTCG-1,CD2,5.12020192103455,0.00428983924753812,Th17_2,0.82843804359436,43203,2
CD2_gut_TCAACGACAGTACACT-1,CD2,-0.694912130069044,-2.70810845138662,Tcm,0.44308865070343,39357,6
CD2_gut_CGATGTAGTCTAGTCA-1,CD2,2.0526881869323,-1.70780089141958,Th17_1,0.785764098167419,39713,14
CD2_gut_ACATCAGCACACTGCG-1,CD2,1.87133414106438,0.793496582487895,Th17_1,0.696398735046387,41106,2
CD2_gut_CACCAGGAGGCCCTTG-1,CD2,4.52001852350304,-0.542394455691503,Th17_2,0.909606695175171,39202,14
CD2_gut_TTGTAGGCATCACGTA-1,CD2,-3.3827845398896,2.0101804470814,Tcm,0.25615781545639,40005,31
CD2_gut_CGAGCCAGTCCTCTTG-1,CD2,-1.4051496331208,-2.05661871673696,Tcm,0.34265661239624,39636,73
CD2_gut_CAAGTTGGTCAAACTC-1,CD2,1.49584013776848,-0.6000131035053,Th17_1,0.693536877632141,42456,3
CD2_gut_GTGTGCGAGTCAAGGC-1,CD2,2.36977488355705,-0.3950550520622,Th17_1,0.705033183097839,39725,82
CD2_gut_CGCGTTTAGACCGGAT-1,CD2,2.92624432401726,1.43713733909495,Th17_1,0.610207557678223,39644,53
CD2_gut_CTCGTACCAACGATGG-1,CD2,-0.674410516452101,-2.43701186420553,Tcm,0.479565382003784,40592,2
CD2_gut_CGAACATTCGGGAGTA-1,CD2,-1.15694015664985,-2.32734134437673,Tcm,0.358024537563324,39628,38
CD2_gut_GTTAAGCCATTGTGCA-1,CD2,-4.16642254037788,-0.162417199631856,Tcm,0.340364217758179,39778,29
CD2_gut_ATCCACCTCTTTCCTC-1,CD2,2.55090290861199,-0.242395665665792,Th17_1,0.684429526329041,39808,24
CD2_gut_CAGATCACAGGGTTAG-1,CD2,2.46173984365532,-2.50193205120199,Th17_2,0.791021645069122,41221,2
CD2_gut_GTCCTCAGTCCAGTAT-1,CD2,4.48831993894646,-1.73371436836355,Th17_2,0.89309424161911,39253,11
CD2_gut_CCTTCCCTCTGTTTGT-1,CD2,-3.1810604874604,-0.769464649429248,Tcm,0.385901987552643,39216,71
CD2_gut_GTCACGGGTACCCAAT-1,CD2,5.83250368194649,-0.330265756865667,Th17_2,0.827860951423645,39202,14
CD2_gut_AGCCTAAAGCTGAACG-1,CD2,-0.38770454568794,2.59679529426463,Tem,0.469604730606079,41589,10
CD2_gut_GTCCTCAAGAACAACT-1,CD2,5.98515356140206,-0.502168949862646,Th17_2,0.911974668502808,39202,14
CD2_gut_AATCCAGCACAGACAG-1,CD2,5.72616056160996,-0.634604524990247,Th17_2,0.91333532333374,39033,17
CD2_gut_TCAGGATCACTAGTAC-1,CD2,-2.35526722116401,-0.347592082043813,Tcm,0.289764881134033,39611,32
CD2_gut_AACCATGGTTCAGACT-1,CD2,4.64830124931404,1.70414826629527,Tcm,0.585230767726898,39017,2
CD2_gut_TGACTTTTCAAAGTAG-1,CD2,4.57248503522942,0.648161504248454,Th17_1,0.801444709300995,40160,10
CD2_gut_CGAGCCAGTTTGCATG-1,CD2,3.7051882203109,-1.3745053076946,Th17_2,0.804239809513092,42729,2
CD2_gut_CGCCAAGTCAACCAAC-1,CD2,-0.714175874423292,1.34846207855113,Tem,0.378117144107819,42050,3
CD2_gut_CCGTGGATCTGTCTCG-1,CD2,-1.20764940423897,-1.0413440132343,Tcm,0.459885001182556,39982,53
CD2_gut_TTGACTTAGCTAGGCA-1,CD2,5.39706997381518,-0.761428805237339,Th17_2,0.795745968818665,39547,3
CD2_gut_GCTTGAAAGAGCCTAG-1,CD2,-4.22469013376167,-0.318021144887136,Tcm,0.26887720823288,43630,3
CD2_gut_TTTGGTTTCTTTAGTC-1,CD2,1.74823958234856,-1.33627155067556,Th17_1,0.589353442192078,41825,2
CD2_gut_TTTCCTCCACCAGGTC-1,CD2,0.434831445980761,2.62328932044871,Tem,0.539836764335632,39219,83
CD2_gut_ACTTGTTAGCTAAGAT-1,CD2,1.96892434911797,0.709824655035807,Th17_1,0.662880420684814,39804,17
CD2_gut_CGCTGGAGTGCTCTTC-1,CD2,2.81329542951653,0.911917183379008,Th17_1,0.75329327583313,39989,17
CD2_gut_GGCCGATAGTCATGCT-1,CD2,-1.13611858529976,1.62571165321238,Tem,0.344891846179962,44632,3
CD2_gut_TATGCCCTCAACACGT-1,CD2,4.7441418226249,1.64698860404856,Th17_1,0.52229779958725,39727,22
CD2_gut_ATCCACCCAAGGGTCA-1,CD2,-1.32960289163521,-2.25898077728383,Tcm,0.45752227306366,40082,2
CD2_gut_ACAGCCGAGTGTCCAT-1,CD2,5.63885069446633,0.113465461710764,Th17_2,0.804083645343781,39543,4
CD2_gut_CTCGAAAAGGAATGGA-1,CD2,-0.78101795358589,1.31149313209422,Tem,0.400337755680084,41903,3
CD2_gut_ACTGTCCAGAAGGTGA-1,CD2,-2.34506147546699,0.325959179381205,Tcm,0.35406106710434,8796,50
CD2_gut_TAGTGGTTCCTTGCCA-1,CD2,-3.41514080209663,0.194485936144663,Tcm,0.213689625263214,39214,3
CD2_gut_TATCTCAAGGCTAGCA-1,CD2,-3.54680507821968,0.919040653685404,Tcm,0.345544397830963,40293,20
CD2_gut_AAGACCTTCAACTCTT-1,CD2,3.7053684647567,1.6484074330128,Th17_1,0.701991260051727,39543,4
CD2_gut_AGTTGGTGTCTCGTTC-1,CD2,4.178362434674,-1.47757151367299,Th17_2,0.926437377929688,38925,69
CD2_gut_TAAGTGCCAGTAGAGC-1,CD2,3.15115768270561,-0.420583959838079,Th17_1,0.665486693382263,41527,15
CD2_gut_CACACCTGTAAATGTG-1,CD2,-3.70613639993599,0.466256830672099,Tcm,0.0648336410522461,40069,24
CD2_gut_CTTACCGTCCTTTACA-1,CD2,-0.54930465860298,-2.34111216308706,Tcm,0.414468586444855,39706,82
CD2_gut_GTGAAGGTCGGAGCAA-1,CD2,-3.96778457803657,1.8883075451649,Tcm,0.371979773044586,39630,20
CD2_gut_GTAACGTAGTGCGATG-1,CD2,4.9276020582206,1.08730957267649,Th17_1,0.60761284828186,38952,2
CD2_gut_GTGTTAGAGTCAAGGC-1,CD2,5.43753506796429,-1.50194576027028,Th17_2,0.786525070667267,39202,14
CD2_gut_TGAGCATAGGCTCAGA-1,CD2,-2.35288541955879,1.39727518318064,Tem,0.268872737884521,39886,4
CD2_gut_TTGCGTCTCGGAATCT-1,CD2,-1.87758320016792,2.11933538673289,Tem,0.345000088214874,40748,7
CD2_gut_GTGTTAGTCATGTGGT-1,CD2,5.5565894450433,-0.320377763529943,Th17_2,0.947672009468079,41648,3
CD2_gut_CGTCACTGTGTGCCTG-1,CD2,4.16355842905113,-0.691991578956769,Th17_2,0.874753773212433,39202,14
CD2_gut_ATGCGATGTGTCTGAT-1,CD2,-1.361183816623,-2.54224672557943,Tcm,0.354396760463715,39681,6
CD2_gut_TGCGTGGGTCTAGCCG-1,CD2,-2.80714862985542,0.0328716969288125,Tcm,0.311518430709839,39791,6
CD2_gut_TACGGATGTGAGTGAC-1,CD2,-3.53545540018013,2.51996228454478,Tem,0.275263905525208,41431,4
CD2_gut_CTCAGAAAGGAGTAGA-1,CD2,5.34004109160969,-0.462556716223882,Th17_2,0.919197797775269,39860,18
CD2_gut_GGGCATCTCGATAGAA-1,CD2,2.17054159002373,-2.49030401947133,Th17_2,0.67117166519165,41137,2
CD2_gut_CGTCACTAGAGTACCG-1,CD2,-4.22806423349312,-1.08010831119649,Tcm,0.354248702526093,41254,2
CD2_gut_ATGAGGGAGTAGCCGA-1,CD2,-2.7778040711396,0.80174276588328,Tem,0.38884037733078,43237,3
CD2_gut_GGCTCGACAAATACAG-1,CD2,-2.80067699594429,1.03890213725932,Tcm,0.201398491859436,41622,2
CD2_gut_AAAGCAAAGGAGTCTG-1,CD2,-2.07377689523628,-2.77165510894887,Tcm,0.322885632514954,41564,7
CD2_gut_ACACCGGTCGCCGTGA-1,CD2,-3.566750222873,1.40120551345713,Tcm,0.256908655166626,39743,19
CD2_gut_CCTTTCTTCCACGAAT-1,CD2,1.42140704946587,-1.14419385435216,Th17_1,0.534496605396271,40132,11
CD2_gut_GCTCCTAAGATACACA-1,CD2,5.01563519792626,-0.968900572677778,Th17_2,0.875504314899445,39253,11
CD2_gut_CTGTTTATCTTCAACT-1,CD2,-1.69695108575752,-3.15243532898061,Tcm,0.552875876426697,40361,9
CD2_gut_AGAGTGGTCGCCTGTT-1,CD2,5.59648898797104,-0.400835361500905,Th17_2,0.798371613025665,39974,17
CD2_gut_ATTACTCGTCACACGC-1,CD2,-2.09399717492988,-0.258824315091299,Tcm,0.375391781330109,39959,17
CD2_gut_CAGCGACGTACATCCA-1,CD2,5.91941223101685,-0.301672455092596,Th17_1,0.726776123046875,9669,85
CD2_gut_GTAGGCCTCTCTGAGA-1,CD2,4.76947022037575,1.56607577560313,Th17_1,0.538418769836426,40536,4
CD2_gut_TTAGGCAGTTACCAGT-1,CD2,1.40113002615044,0.208929214457346,Th17_1,0.630418002605438,39929,3
CD2_gut_CCCTCCTGTCCAGTAT-1,CD2,0.790983503628466,-0.115000631829427,Th17_1,0.574663519859314,41903,3
CD2_gut_CAGAATCTCCGAGCCA-1,CD2,-1.26014488382271,-0.600182887335943,Tcm,0.406372249126434,43630,3
CD2_gut_CGCCAAGAGCAATCTC-1,CD2,3.64958793478081,-1.96490159275167,Th17_2,0.835610270500183,42415,4
CD2_gut_GGACAGACAGCTGCAC-1,CD2,3.16455156164238,0.74983367679484,Th17_1,0.732642352581024,41165,4
CD2_gut_CTCATTACAGCCAGAA-1,CD2,5.23977973120281,-0.930055927654432,Th17_2,0.864357471466064,39202,14
CD2_gut_AAAGCAAAGATAGGAG-1,CD2,0.159050291348192,2.85939213989146,Tem,0.509132862091064,41024,3
CD2_gut_AGTGGGAGTACTTGAC-1,CD2,4.17549866991112,0.758061263541056,Th17_1,0.703149914741516,17999,197
CD2_gut_TCGTAGACAATGAAAC-1,CD2,5.4919076915271,-0.660431023856328,Th17_2,0.828135967254639,39202,14
CD2_gut_CAGTCCTAGGCATGGT-1,CD2,2.08810574369499,-0.691154856403993,Th17_1,0.714386701583862,39785,18
CD2_gut_GTAACTGAGCTAGTCT-1,CD2,-2.7972075287812,-0.449582275172399,Tcm,0.240942239761353,39852,14
CD2_gut_CTACACCTCAATCTCT-1,CD2,5.21852335887024,-2.0199504161083,Tcm,0.625745296478271,39981,35
CD2_gut_ATTATCCGTCATATCG-1,CD2,1.06420595007012,-1.32812007906072,Tcm,0.512980341911316,39277,3
CD2_gut_CGGGTCAAGAGTGAGA-1,CD2,3.70539850549767,-2.29966762306325,Th17_2,0.682628273963928,41457,4
CD2_gut_CGCCAAGTCTGCGACG-1,CD2,2.81273705320427,-1.70144161226384,Th17_2,0.779500722885132,41424,36
CD2_gut_CTACCCATCTAACGGT-1,CD2,3.97049481229851,-2.08452501537435,Th17_2,0.831457376480103,40746,2
CD2_gut_TTCCCAGGTAGTGAAT-1,CD2,-4.48851268930366,-1.51384040357702,Tcm,0.372702956199646,41463,2
CD2_gut_GGCTCGACATCCGCGA-1,CD2,-2.22581594629219,2.34743163345225,Tem,0.391187369823456,41980,2
CD2_gut_GCGACCAGTAATTGGA-1,CD2,-0.404974633883741,1.13402101753123,Tem,0.44756555557251,41280,3
CD2_gut_GGGACCTGTCACCTAA-1,CD2,1.37268382864067,-0.694273751398252,Th17_1,0.623206973075867,39202,14
CD2_gut_GTGGGTCGTAAGTGTA-1,CD2,4.72572035150597,-1.76016607524984,Th17_2,0.684430122375488,40639,4
CD2_gut_GTGGGTCCAATAGAGT-1,CD2,2.54055792646477,-2.62025048973195,Th17_2,0.792971014976501,40240,4
CD2_gut_AGGCCGTAGTACGTAA-1,CD2,3.84209186391899,-2.30268719436757,Th17_2,0.758367836475372,39765,10
CD2_gut_GTGGGTCGTCCTCCAT-1,CD2,-3.13543766183784,3.34435770271189,Tem,0.168692469596863,40093,2
CD2_gut_ACGGGCTAGCTAACAA-1,CD2,-2.06649273080757,0.206865344027354,Tcm,0.331317126750946,39856,23
CD2_gut_AAACCTGTCGCCATAA-1,CD2,-2.55360382242134,-0.974629204889463,Tcm,0.327608942985535,43272,2
CD2_gut_CGCGTTTCAGACAGGT-1,CD2,-0.859754258822706,-1.38730153085821,Tcm,0.383342087268829,42727,2
CD2_gut_CCCATACTCACGAAGG-1,CD2,-3.37277382059028,3.1733998989857,Tem,0.152458846569061,41550,3
CD2_gut_CAACCTCAGAGCCTAG-1,CD2,2.66193062620232,-0.771542778407858,Tem,0.572060346603394,39860,18
CD2_gut_TAGGCATCAGTATAAG-1,CD2,2.13671690778801,-2.31950810196035,Th17_2,0.67988920211792,39957,34
CD2_gut_ACGAGGAGTCATTAGC-1,CD2,3.51672405557701,0.421173546294047,Th17_1,0.786179006099701,39202,14
CD2_gut_TTTCCTCAGGGCTTGA-1,CD2,2.55346018629143,-2.85651138069265,Th17_2,0.592609882354736,39778,29
CD2_gut_TGCCCTACATAGGATA-1,CD2,-2.29825657052925,-2.76067152263753,Tcm,0.299569129943848,44950,2
CD2_gut_GAAATGACATGAACCT-1,CD2,-1.42966716928413,-0.403889622708486,Tcm,0.434161007404327,39094,2
CD2_gut_CCGTACTAGGGATCTG-1,CD2,3.45021540479729,-1.02042768540017,Th17_2,0.787794828414917,39202,14
CD2_gut_AGAATAGTCTGTCTCG-1,CD2,2.4435241873748,-2.2123137974941,Th17_2,0.778430581092834,40036,4
CD1_gut_GTGAAGGGTAAACGCG-1,CD1,4.30984324770043,-1.37342813255422,Th17_2,0.880515694618225,32481,92
CD1_gut_TACAGTGAGTAACCCT-1,CD1,-4.3651015107148,0.26543221233256,Tcm,0.297695994377136,31290,55
CD1_gut_CGTCTACCAAGGACTG-1,CD1,-0.412431413363722,-1.93333533050649,Tcm,0.500133514404297,31507,3
CD1_gut_GCCAAATGTTCTCATT-1,CD1,3.5105202849395,0.33370408771403,Th17_1,0.767296671867371,33652,2
CD1_gut_ATCCGAAAGTCCAGGA-1,CD1,2.45070058660576,-2.07541039230459,Th17_2,0.792762279510498,31846,4
CD1_gut_TGTGTTTAGATCCCGC-1,CD1,4.73540729837486,1.51776001212962,Th17_1,0.512171506881714,35235,5
CD1_gut_GCACTCTGTAAGGGAA-1,CD1,2.42928582983086,-2.14403739215963,Th17_2,0.741329431533813,32882,2
CD1_gut_CCACGGACAGTGGAGT-1,CD1,-3.57418029947212,-1.86481943370931,Tcm,0.370721280574799,34447,3
CD1_gut_GTGCGGTAGACTAGGC-1,CD1,2.6547504122741,0.362051579932047,Th17_1,0.722115755081177,34609,15
CD1_gut_CAACTAGAGCTACCGC-1,CD1,4.98672140197823,1.16361794231303,Th17_1,0.70202910900116,31365,4
CD1_gut_CTGCCTAGTTCGAATC-1,CD1,4.51288253622124,1.47038147209056,Th17_1,0.670264899730682,35120,4
CD1_gut_ACCTTTAAGATATGCA-1,CD1,4.70596474962303,1.01350745914347,Th17_1,0.652835965156555,36616,3
CD1_gut_TCAGCAACAGCTGTGC-1,CD1,-0.863122636508253,-2.02110960723989,Tcm,0.389957845211029,17946,51
CD1_gut_AACTTTCGTTCGTGAT-1,CD1,-0.56714790506294,0.60638258216746,Tem,0.513993382453918,31231,3
CD1_gut_CTCACACAGGCTAGAC-1,CD1,2.03213412122795,0.849616382101847,Th17_1,0.678388118743896,35475,2
CD1_gut_ATCACGATCGTACCGG-1,CD1,1.65725833730767,-0.984354537149595,Tcm,0.635565221309662,31388,20
CD1_gut_CGGACGTTCGCAAACT-1,CD1,3.45300180273125,1.7304169869221,Th17_1,0.613583564758301,31603,2
CD1_gut_AAGGTTCGTCTGGTCG-1,CD1,-3.67962902231148,2.26767847297557,Tem,0.499774158000946,32745,2
CD1_gut_CTCGAAACACGGTTTA-1,CD1,-4.13505523843696,-1.10868560912244,Tcm,0.333777606487274,34860,2
CD1_gut_TAAGTGCCACCATCCT-1,CD1,0.107384508419726,3.07172415016062,Tem,0.480262339115143,35896,3
CD1_gut_TTCGGTCCATAGTAAG-1,CD1,-1.88639705820015,2.62749144790538,Tem,0.418818414211273,36786,2
CD1_gut_CCATGTCCAAGACACG-1,CD1,-0.532879049014356,-2.57509556057088,Tcm,0.472085297107697,34289,12
CD1_gut_CACAGTAGTCTGCGGT-1,CD1,-1.36230247659614,-2.63538184406392,Tcm,0.395962417125702,32616,3
CD1_gut_TTCTTAGTCCACGTGG-1,CD1,-2.00953167123726,0.545372340658976,Tem,0.3725546002388,32268,23
CD1_gut_TGACTAGGTCGCGTGT-1,CD1,5.67658971803257,-0.350359734316991,Th17_2,0.953729748725891,32116,93
CD1_gut_ACTTACTGTCGCTTCT-1,CD1,2.64707738714287,-2.66562178375356,Th17_2,0.718357682228088,36871,2
CD1_gut_CAGTAACCACCAGTTA-1,CD1,5.52664655255148,-0.524455156346487,Th17_2,0.836092710494995,34143,3
CD1_gut_AGCGTATGTGCATCTA-1,CD1,-3.0039946381562,-0.00963857414357516,Tcm,0.269919455051422,33018,15
CD1_gut_TAAGAGAGTCTAAAGA-1,CD1,-1.00879448099067,0.397515747526957,Tem,0.447651982307434,31456,4
CD1_gut_GTACTCCAGCCGTCGT-1,CD1,-1.59129589242866,-1.38332387449376,Tcm,0.325037658214569,32172,19
CD1_gut_TCTTCGGTCGAATGGG-1,CD1,-2.55463760538032,-1.16439708711736,Tcm,0.33995109796524,36527,4
CD1_gut_GTTCATTCAGTTTACG-1,CD1,-3.51376407785347,2.103957865218,Tem,0.151207327842712,32780,4
CD1_gut_TACTTACTCGCATGAT-1,CD1,2.50362879591057,-0.444691922684835,Th17_1,0.684989392757416,35215,3
CD1_gut_CGGGTCAGTCTAGCGC-1,CD1,1.02018482046196,-0.0404632950031028,Th17_1,0.602647423744202,36616,3
CD1_gut_CTACCCAGTCCCTACT-1,CD1,5.08887857751915,-1.90175500156514,Th17_2,0.697745800018311,33035,2
CD1_gut_GGGACCTGTGATAAGT-1,CD1,-3.34989898843696,0.466587040404154,Tcm,0.186825752258301,32375,15
CD1_gut_AAGTCTGCACAAGTAA-1,CD1,-3.34863346261909,-0.046396102925466,Tcm,0.251096189022064,32458,9
CD1_gut_GACGGCTCAAGGTGTG-1,CD1,3.82541901426384,-0.899847503920721,Th17_2,0.898969411849976,34460,9
CD1_gut_CATGACATCTGAGGGA-1,CD1,-1.32641714258125,-1.13875117542379,Tcm,0.42865514755249,31236,2
CD1_gut_AAAGTAGAGTAACCCT-1,CD1,3.50081068830559,-2.10973730327718,Th17_2,0.813663065433502,34029,2
CD1_gut_CGCGTTTCAAGCCGTC-1,CD1,-0.76699035806587,1.20708248374827,Tem,0.301393389701843,34281,9
CD1_gut_ACCTTTAGTGGGTATG-1,CD1,-2.8259636704438,1.95106956718333,Tem,0.359018087387085,34844,15
CD1_gut_CGATCGGGTACATGTC-1,CD1,-1.37173479242256,2.29211876151927,Tem,0.352703988552094,34281,9
CD1_gut_AGCTTGAGTGCACGAA-1,CD1,-2.94102733774116,3.22497102973826,Tem,0.122836530208588,31330,3
CD1_gut_TCGCGTTGTGAGTATA-1,CD1,-3.38183563394478,2.5388784146107,Tem,0.504558444023132,34331,25
CD3_gut_CAGATCACATGGATGG-1,CD3,0.692735498715136,-0.633366566320585,Tcm,0.487061738967896,45763,10
CD3_gut_GGACAGAAGCTGCGAA-1,CD3,0.642492597866747,0.513089988211466,Th17_1,0.509101867675781,54237,6
CD3_gut_TGCCCTACAACTTGAC-1,CD3,-1.48171156091621,-1.66148545982473,Tcm,0.419426143169403,53809,2
CD3_gut_ATTGGTGGTTACGTCA-1,CD3,1.36162835912773,0.064647529105021,Th17_1,0.699533939361572,18618,7
CD3_gut_CATCAAGTCAGTTCGA-1,CD3,1.02252036886284,-0.354573693295644,Th17_1,0.586151838302612,57544,3
CD3_gut_GTCTCGTTCCATTCTA-1,CD3,-1.32586544198921,-1.36572900058858,Tcm,0.447941541671753,54761,2
CD3_gut_TAAGTGCGTGCCTGTG-1,CD3,-3.59043281717232,-1.61187013628118,Tcm,0.315677106380463,56708,3
CD3_gut_TCACGAAGTGCTAGCC-1,CD3,-3.89352195901802,-1.51102241518133,Tcm,0.322908520698547,54393,3
CD3_gut_TTCGAAGGTTGCTCCT-1,CD3,-3.30932014627388,-2.414512422105,Tcm,0.569287896156311,56895,2
CD3_gut_TACTCATAGCGTTCCG-1,CD3,5.03253582673142,1.29878518340953,Th17_1,0.62931227684021,56766,2
CD3_gut_TGACAACCAGATCCAT-1,CD3,-3.09295147104194,-0.575233858247922,Tcm,0.303609549999237,54451,10
CD3_gut_TGCTGCTGTAAAGGAG-1,CD3,-3.47867077035835,-2.27014711143606,Tcm,0.401619374752045,56769,2
CD3_gut_TGCGGGTCACAGTCGC-1,CD3,-4.59095543069771,0.254467461088969,Tcm,0.304946720600128,56865,3
CD3_gut_TGGTTCCGTGAAATCA-1,CD3,4.49009788589546,1.53933117149241,Th17_1,0.487469017505646,56724,4
CD3_gut_CTGCTGTTCCTGCTTG-1,CD3,-3.32735031289985,-2.19593265297048,Tcm,0.356393575668335,55939,2
CD3_gut_GTCCTCATCTTGCATT-1,CD3,-3.72714584512642,-1.50956633331411,Tcm,0.37129819393158,54228,7
CD3_gut_CTCAGAAAGCCCAGCT-1,CD3,-4.51752060098579,0.086047801951243,Tcm,0.247886776924133,54318,3
CD3_gut_AGCGTATTCCACTGGG-1,CD3,-0.532988244723585,-2.20052960159414,Tcm,0.428072810173035,55126,3
CD3_gut_AAGACCTGTCCGAGTC-1,CD3,-4.73560302896431,0.112679276446177,Tcm,0.35995352268219,53976,8
CD3_gut_GATCAGTAGCTAGCCC-1,CD3,-3.10326164407661,1.51355836151011,Tem,0.40031373500824,53999,7
CD3_gut_TTTCCTCGTCATGCCG-1,CD3,-1.69419496698311,-1.88954653980367,Tcm,0.33261376619339,54101,8
CD3_gut_TGCCCTAGTAGAGTGC-1,CD3,-3.71258133096626,0.23659190891154,Tcm,0.289651334285736,55936,6
CD3_gut_GTACGTACAAGGACTG-1,CD3,-1.01533287210396,-2.16998818161123,Tcm,0.388714492321014,56788,3
CD3_gut_GCTCCTAAGGAGTTTA-1,CD3,-4.5917050187104,-1.14876219274633,Tcm,0.359679579734802,54540,7
CD3_gut_GACCAATTCACATGCA-1,CD3,-1.85359733743599,-0.803680813109206,Tcm,0.40970903635025,55904,18
CD3_gut_TAGAGCTAGAGCCCAA-1,CD3,-3.85052173776558,0.48989031074412,Tcm,0.225835025310516,57441,2
CD3_gut_CGGACTGGTAAATACG-1,CD3,-0.3752481286042,2.72933599708445,Tem,0.494141161441803,56722,9
CD3_gut_GGGCATCCAGATGAGC-1,CD3,-0.979403669070509,-2.66946413757436,Tcm,0.452604115009308,54951,4
CD3_gut_TCGCGTTAGAAGGACA-1,CD3,-2.43659990472725,-2.62108567001455,Tcm,0.312799394130707,57114,2
CD3_gut_AGATCTGCAGCGTAAG-1,CD3,-1.04072731180122,1.74661705253489,Tem,0.444321870803833,55755,2
CD3_gut_AGGCCGTAGTGTTGAA-1,CD3,0.206376856137011,2.8531992172993,Tem,0.477114677429199,55100,3
CD3_gut_CTAACTTAGGTGTGGT-1,CD3,-3.13640182657173,-1.08385753275983,Tcm,0.333283722400665,19345,5
CD3_gut_TAGCCGGTCTGCGACG-1,CD3,-1.63581627054146,-1.87810209037893,Tcm,0.345361292362213,54203,6
CD3_gut_TATCTCACATTAACCG-1,CD3,-3.84882705850532,2.55282900092967,Tem,0.33201652765274,55819,3
CD3_gut_AGACGTTCATATGGTC-1,CD3,-0.486534768771437,1.31400463340647,Tem,0.354399979114532,53233,2
CD3_gut_ACACCCTGTTATCCGA-1,CD3,-0.224167043399122,2.78964016197093,Tem,0.505397617816925,56253,5
CD3_gut_CCTACCACACACCGCA-1,CD3,-4.59650581521919,-0.519924190064596,Tcm,0.324285626411438,56701,2
CD3_gut_GCGCCAAAGAGTAAGG-1,CD3,-0.534071618747022,2.67311618087657,Tem,0.502271234989166,56722,9
CD3_gut_TGTGGTAAGACACGAC-1,CD3,-2.09833162469795,0.893473122099711,Tem,0.349268615245819,54328,7
CD3_gut_GTAGTCAAGCTCTCGG-1,CD3,-2.34629886789253,1.44782230613597,Tem,0.3636075258255,56253,5
CD3_gut_ATCATCTCATCAGTCA-1,CD3,-3.7518202607148,2.62836405990489,Tem,0.357080817222595,56204,15
CD3_gut_GCTCTGTAGTTACCCA-1,CD3,2.32526022749016,0.619211528281046,Th17_1,0.669521808624268,56722,9
CD3_gut_TGACAACTCCCTGACT-1,CD3,-3.74272125406196,2.75690243003733,Tem,0.30340451002121,32269,46
CD3_gut_TTCGAAGTCTTGAGGT-1,CD3,-0.203197652529981,2.53458473441966,Tem,0.498747050762177,53729,12
CD3_gut_GGGCATCAGCGATCCC-1,CD3,-3.71751468820503,-0.918314051052259,Tcm,0.280002176761627,56291,2
CD3_gut_ACTTACTGTAATAGCA-1,CD3,-3.91577308816841,2.29057523963816,Tem,0.391698658466339,56045,2
CD3_gut_GGGTCTGTCCTTGACC-1,CD3,-1.01616018457344,2.81199095008738,Tem,0.423529386520386,47770,27
CD3_gut_ACACCGGAGTACGTTC-1,CD3,5.02456144051621,1.1707975601948,Th17_1,0.542303442955017,55883,21
CD3_gut_ACGCAGCCAGCCAGAA-1,CD3,-2.28729074640205,2.00189254043467,Tem,0.253347873687744,53845,55
CD3_gut_CATGCCTCAGATCTGT-1,CD3,-2.34307354135444,0.672555778006388,Tem,0.330390989780426,57156,4
CD3_gut_TACTTGTCACCATGTA-1,CD3,-2.56213443918159,3.07731959579356,Tem,0.401949644088745,39007,9
CD3_gut_CACCAGGGTCTCAACA-1,CD3,1.77673656301567,-0.371861722489522,Tem,0.532991290092468,56722,9
CD3_gut_GCAATCAAGAGACGAA-1,CD3,-0.354644471835401,3.05183765647776,Tem,0.464648067951202,56722,9
CD3_gut_GCATGTAAGTTCGATC-1,CD3,-2.45505874795845,-1.32394858839147,Tcm,0.318158447742462,56317,2
CD3_gut_GTGCGGTGTAGCAAAT-1,CD3,3.29070503072808,1.13235053775675,Th17_1,0.63136875629425,18618,7
CD3_gut_TCTATTGAGAATCTCC-1,CD3,-0.754428083133009,2.53366348503001,Tem,0.45640766620636,54120,3
CD3_gut_GCTGGGTCACGTCAGC-1,CD3,-4.08182018442085,0.634226534346415,Tcm,0.213608801364899,57445,2
CD3_gut_CGACCTTAGCCAGTAG-1,CD3,-0.89932268304756,2.98916480300791,Tem,0.453210949897766,55941,9
CD3_gut_CGTCACTAGTGACTCT-1,CD3,4.04268342809746,-1.55834021808736,Th17_2,0.722008585929871,53927,3
CD3_gut_TAAGCGTAGTCGATAA-1,CD3,-0.127903157901075,2.94164488075144,Tem,0.44678658246994,53845,55
CD3_gut_CTAGCCTTCTTCTGGC-1,CD3,2.08716971235344,-0.193266716023611,Th17_1,0.630295991897583,53845,55
CD3_gut_CGAGCACCAAGTTCTG-1,CD3,-1.43317859811714,0.26891908405192,Tem,0.441811263561249,55936,6
CD3_gut_ACGGAGAAGACTCGGA-1,CD3,1.97378570394585,-0.811326664110349,Th17_1,0.630502343177795,56213,2
CD3_gut_CTACATTTCTGAGTGT-1,CD3,-3.24091118020942,2.23104641197093,Tem,0.410355508327484,56229,5
CD3_gut_TGACTAGTCGGGAGTA-1,CD3,-2.62033050699165,-2.35360374691121,Tcm,0.322789132595062,53256,2
CD3_gut_CTACATTGTGAGGGTT-1,CD3,-2.68523948831489,-0.679249067028688,Tcm,0.286568343639374,55096,2
CD3_gut_CGTAGGCGTAATCGTC-1,CD3,-2.53450363321235,-0.994869228621648,Tcm,0.287722289562225,54768,11
CD3_gut_AATCCAGAGAGTGACC-1,CD3,3.880764072705,0.965284202078654,Th17_1,0.680589616298676,56014,13
CD3_gut_CCTTACGCATAAGACA-1,CD3,-2.86409443063667,-0.492134358903097,Tcm,0.263369143009186,32269,46
CD3_gut_CATCAGAGTGTCAATC-1,CD3,-3.41928737802437,0.00384608266718534,Tcm,0.27601033449173,53035,2
CD3_gut_GTGCAGCCATAGACTC-1,CD3,-0.55532854242256,3.01669904945262,Tem,0.472163796424866,55878,16
CD3_gut_TCCCGATCACCCTATC-1,CD3,3.22246677236626,1.46132538078196,Th17_1,0.651495218276978,56709,4
CD3_gut_AGATCTGGTCCATCCT-1,CD3,-3.20491951150825,3.27366707084544,Tem,0.221743643283844,53817,12
CD3_gut_GGACATTAGACATAAC-1,CD3,-2.20755880517891,-2.05217483284108,Tcm,0.31722891330719,57435,2
CD3_gut_GCTGCTTCAAGACGTG-1,CD3,-3.34062545938423,-1.14652111770742,Tcm,0.333078563213348,18929,6
CD3_gut_GCGAGAACACTTGGAT-1,CD3,-1.19774931116035,-2.63825907947652,Tcm,0.377274215221405,56070,5
CD3_gut_TCTCTAAGTATCAGTC-1,CD3,3.4520703013427,1.31979272125132,Th17_1,0.708992719650269,18618,7
CD3_gut_AAGCCGCAGGTAGCCA-1,CD3,-1.17588298959663,2.51255056617625,Tem,0.439166247844696,55878,16
CD3_gut_TGGGAAGTCCTTTCGG-1,CD3,-3.92780750436714,0.224535200575663,Tcm,0.268954217433929,55092,6
CD3_gut_TAAACCGCAACGATGG-1,CD3,-2.10266655130317,2.24361917732127,Tem,0.429982542991638,56190,2
CD3_gut_GGAACTTGTACCGTTA-1,CD3,-3.45776813669136,-0.0976124072276816,Tcm,0.245892107486725,54193,6
CD3_gut_AAAGCAACATTTCAGG-1,CD3,0.710911100674364,2.29246589897044,Tem,0.630549252033234,53810,5
CD3_gut_CCGGGATAGAGCTGCA-1,CD3,-3.80621116800239,1.95447704551585,Tcm,0.358569145202637,54071,4
CD3_gut_CTACCCAGTTTGTGTG-1,CD3,-3.24726932687691,0.100621554831339,Tcm,0.335436224937439,54863,2
CD3_gut_AATCCAGCATTGCGGC-1,CD3,-0.0354496781342295,1.96950671432383,Tem,0.547647476196289,56939,5
CD3_gut_TTGGCAACACCGTTGG-1,CD3,-1.0801574532502,2.30143091438182,Tem,0.387551069259644,54328,7
CD3_gut_GGTATTGGTCAATGTC-1,CD3,-0.901833707522657,0.90182182548411,Tem,0.380034625530243,54143,2
CD3_gut_TGTTCCGCACCGTTGG-1,CD3,-3.32433479471138,3.17159888503916,Tem,0.0310303568840027,54535,2
CD3_gut_CTTAACTTCATCTGTT-1,CD3,-0.882464582156446,-2.79273154976003,Tcm,0.39955347776413,55155,3
CD3_gut_CCTACACAGTGGGATC-1,CD3,-2.50001352472236,0.0202347969806924,Tcm,0.246570706367493,53810,5
CD3_gut_AGTAGTCAGTACATGA-1,CD3,-2.52235954446724,-0.286703851243185,Tcm,0.301818490028381,57280,2
CD3_gut_CTGCCTAAGTAGGTGC-1,CD3,2.54052001791069,0.273806426504923,Th17_1,0.658575415611267,56722,9
CD3_gut_TTCTCCTTCGAGGTAG-1,CD3,-1.67862575693062,3.05032965896495,Tem,0.37348598241806,57544,3
CD3_gut_GCTGCGATCCAGGGCT-1,CD3,-2.07352607889107,2.00265643356211,Tem,0.290059447288513,53834,22
CD3_gut_CTCTGGTAGTACGTTC-1,CD3,-1.36569755716255,2.35448548553355,Tem,0.405276894569397,55339,5
CD3_gut_TCAGATGAGGAGCGAG-1,CD3,-3.60474365396431,1.53027698753245,Tem,0.251452386379242,55815,5
CD3_gut_CTAGCCTTCCGTAGTA-1,CD3,-1.34036033792427,-1.57266738655202,Tcm,0.373528838157654,54161,37
CD3_gut_CAGCTGGTCATGGTCA-1,CD3,-0.948440248202589,-1.83299639465444,Tcm,0.384696841239929,53671,6
CD3_gut_ACTTGTTCAGCTGTTA-1,CD3,-0.307204896640089,-2.48060825111501,Tcm,0.472855389118195,54213,3
CD3_gut_GTCACGGGTGATGTGG-1,CD3,-2.22569769067695,0.722459886053874,Tem,0.339287400245667,57425,2
CD3_gut_TTCCCAGCAATCAGAA-1,CD3,-1.73871772928169,0.841207597235514,Tcm,0.281597256660461,31108,12
CD3_gut_ATTGGTGGTGGAAAGA-1,CD3,-1.79627483529976,-3.20144369842641,Tcm,0.378923952579498,32476,48
CD3_gut_TACTTGTGTCCGCTGA-1,CD3,-2.95511692209175,2.60701200721629,Tem,0.311509370803833,55022,3
CD3_gut_CACCTTGGTCGGCATC-1,CD3,0.144464319515917,2.5105466580189,Tem,0.458318173885345,53635,29
CD3_gut_TCTCTAAGTCCCTTGT-1,CD3,0.127545660305712,3.15284797904856,Tem,0.464999079704285,53845,55
CD3_gut_CTCGGGATCCCTTGCA-1,CD3,-2.0236651246064,-2.76553550006978,Tcm,0.320039749145508,54502,5
CD3_gut_AGTTGGTTCTTACCGC-1,CD3,-4.58136242074898,-1.42301216365926,Tcm,0.434048056602478,54631,3
CD3_gut_GACCAATGTTCGTCTC-1,CD3,-2.12378185434273,-0.139609601517843,Tem,0.31611704826355,32476,48
CD3_gut_TTTGTCATCTGGCGTG-1,CD3,0.15725690679619,3.26157781837351,Tem,0.471363961696625,54008,23
CD3_gut_AGGCCACTCTACCTGC-1,CD3,-4.40267913980415,0.639649960974528,Tcm,0.226982176303864,57613,2
CD3_gut_GTCAAGTAGACCGGAT-1,CD3,-0.679009134005812,3.07074281928904,Tem,0.429834187030792,56722,9
CD3_gut_CCGGGATAGTACGTTC-1,CD3,-0.0441076104157236,3.249465677718,Tem,0.384240865707397,53632,9
CD3_gut_CACAAACTCTTTAGTC-1,CD3,-2.21457546396187,-2.87629893066518,Tcm,0.350487053394318,59492,2
CD3_gut_GGACATTGTCGAAAGC-1,CD3,-1.15673130197456,1.90728876350291,Tem,0.176091253757477,54665,4
CD3_gut_ACTGAGTCAGACTCGC-1,CD3,0.0505793746001455,0.954453799704386,Tem,0.42562198638916,57199,2
CD3_gut_ATCGAGTTCTCTAGGA-1,CD3,-1.52096861047676,-2.73356786014669,Tcm,0.439691841602325,53219,3
CD3_gut_AAGTCTGGTCCCTACT-1,CD3,-2.48375290079048,3.45102092979319,Tem,0.406201720237732,53882,8
CD3_gut_CCAATCCTCTAGCACA-1,CD3,-0.38348262948921,-1.88015189411275,Tcm,0.579168379306793,55061,7
CD3_gut_TTAGGCATCTACTCAT-1,CD3,0.472506826687548,2.69519850967295,Tem,0.542464375495911,54378,3
CD3_gut_CTCGGAGAGGTGTGGT-1,CD3,-1.03335159463814,2.61233827827342,Tem,0.418303430080414,57078,2
CD3_gut_TCAGCAATCAACACCA-1,CD3,-1.88448923273018,-0.899967391213106,Tcm,0.365290343761444,55796,4
CD3_gut_ATTCTACTCCCAAGTA-1,CD3,-2.0203782860749,-0.0721130633556113,Tem,0.354602992534637,53658,29
CD3_gut_TTCTTAGGTTCGGCAC-1,CD3,-2.22371833963325,-0.209706749936269,Tcm,0.37401008605957,55142,3
CD3_gut_AAATGCCAGAAGGACA-1,CD3,-3.3195406739228,0.570202205160929,Tcm,0.16996693611145,56789,3
CD3_gut_AGAGCGACATGGATGG-1,CD3,-3.05366295022896,2.99075720069773,Tem,0.325002491474152,57055,2
CD3_gut_GCCTCTAGTGAGGGAG-1,CD3,2.75244099454949,-0.65545512380235,Th17_1,0.669017314910889,56722,9
CD3_gut_ATCTACTTCCCTCAGT-1,CD3,-2.23356311960151,2.48254129646189,Tem,0.362000286579132,56046,6
CD3_gut_CGGTTAAAGGACATTA-1,CD3,-3.13971584482124,2.96688816306956,Tem,0.300770819187164,54711,2
CD3_gut_CATGACAGTCCGAACC-1,CD3,-3.06582134408882,2.71941563842662,Tem,0.293652713298798,54161,37
CD3_gut_ACTGTCCCAGCATGAG-1,CD3,-1.95892542047432,-2.29667225124471,Tcm,0.383764743804932,55140,10
CD3_gut_TCTCTAAAGAAACCTA-1,CD3,-1.63228719873359,3.40525600669749,Tem,0.441204130649567,55937,10
CD3_gut_ACATGGTGTCTAGTGT-1,CD3,-3.06593483133247,0.441679570654704,Tcm,0.263761520385742,53677,23
CD3_gut_TGCTACCGTATCAGTC-1,CD3,4.4608171637542,1.22816369293101,Th17_1,0.615708589553833,53646,110
CD3_gut_ACGCCGACAGCTGTAT-1,CD3,-2.05549877328804,2.45104524848826,Tem,0.416816532611847,56253,5
CD3_gut_GCAGTTAGTTGGACCC-1,CD3,-0.672891790103224,3.23432514427073,Tem,0.446200251579285,57714,2
CD3_gut_TCGGGACCATTAACCG-1,CD3,-2.8976942841523,2.90488645789988,Tem,0.0728278756141663,54626,11
CD3_gut_TTGGAACTCCAGGGCT-1,CD3,-1.32984655542305,3.1408538555897,Tem,0.540800452232361,55937,10
CD3_gut_CAGAATCCATTCCTGC-1,CD3,4.2996466811187,-0.847949173470663,Th17_2,0.972516417503357,54419,2
CD3_gut_AACTTTCAGCGTCAAG-1,CD3,-2.53027027292183,-1.08242538215749,Tcm,0.320580840110779,54612,6
CD3_gut_CATGCCTAGCAACGGT-1,CD3,-4.17351978464058,0.942779633978678,Tcm,0.211728513240814,55215,23
CD3_gut_CTTAACTTCTTGAGAC-1,CD3,1.8536611254699,-0.682799842377828,Tem,0.540494441986084,53457,106
CD3_gut_CGTAGGCAGTGTTGAA-1,CD3,-2.18753975076607,0.960521075705363,Tem,0.26382315158844,53219,3
CD3_gut_ACACCCTAGTGAACGC-1,CD3,-2.79728000802925,-0.110525991936849,Tcm,0.225311636924744,53642,22
CD3_gut_ACTATCTTCCAGTAGT-1,CD3,-3.642358476352,0.380755040625407,Tcm,0.144667387008667,57182,3
CD3_gut_CTTAACTAGGGCTTCC-1,CD3,-1.66740291757515,2.37638995406993,Tem,0.388342559337616,53823,7
CD3_gut_CGGACTGCACGCATCG-1,CD3,-2.57162445230415,1.12905320880778,Tcm,0.187886655330658,55585,2
CD3_gut_CAGCATAGTTGCTCCT-1,CD3,-1.24787204904487,1.2413062786854,Tem,0.396915972232819,53115,3
CD3_gut_GACACGCAGCGCTCCA-1,CD3,-1.47800033731392,-0.488014694472478,Tcm,0.372871339321136,53658,29
CD3_gut_GCGCGATCAGTCGTGC-1,CD3,-2.80047958536079,2.45700142143138,Tem,0.315234124660492,53632,9
CD3_gut_CGCCAAGGTGTATGGG-1,CD3,-2.60736530466011,0.183660600165202,Tcm,0.294088840484619,53169,2
CD3_gut_TGCCAAAGTTCATGGT-1,CD3,-1.10244768304756,-0.761381585320161,Tcm,0.41146194934845,55061,7
CD3_gut_AACTCCCAGTACTTGC-1,CD3,-3.49801700754097,0.851289246062113,Tcm,0.132575571537018,57182,3
CD3_gut_ATCGAGTCAATGAAAC-1,CD3,-2.32634657068184,1.9831754898823,Tem,0.331737041473389,55345,3
CD3_gut_GTCTCGTCACCAGTTA-1,CD3,-2.38796156091621,2.2984523510731,Tem,0.280842781066895,53688,40
CD3_gut_TGCTACCGTTCCATGA-1,CD3,-2.6685511414521,3.08616468665965,Tem,0.0828373432159424,56388,8
CD3_gut_GAACCTAAGCGATTCT-1,CD3,-2.45817487878731,2.62391326187022,Tem,0.291306257247925,56253,5
CD3_gut_CCGGTAGTCGAATGGG-1,CD3,-1.03342359704902,0.06645498035319,Tem,0.404294013977051,54701,2
CD3_gut_ATGGGAGAGTGGTAAT-1,CD3,-2.87443512124946,2.88184830901988,Tem,0.07183438539505,54843,4
CD3_gut_GACTACATCCATGAAC-1,CD3,-3.66925304574898,-0.792734080163465,Tcm,0.245556890964508,55072,2
CD3_gut_CTGAAGTCACGTGAGA-1,CD3,-2.8158146683686,1.90525600669749,Tem,0.189240157604218,55641,3
CD3_gut_ACGGGTCAGCCCAATT-1,CD3,-3.16762798471382,3.06192490814097,Tem,0,54843,4
CD3_gut_TTTACTGGTCCGTTAA-1,CD3,-3.05000274820259,1.20685825107463,Tcm,0.186862409114838,55466,2
CD3_gut_CGATCGGGTGAGCGAT-1,CD3,-3.06383770151069,2.3957640862263,Tem,0.0400166511535645,55641,3
CD3_gut_GTGCATAAGTTGAGAT-1,CD3,-2.60971706552437,3.26319048164256,Tem,0.120415508747101,56388,8
CD3_gut_CAAGTTGTCGCATGGC-1,CD3,-4.68468921823433,-0.94322864355676,Tcm,0.591960608959198,53033,2
CD3_gut_CCTCAGTAGTAGTGCG-1,CD3,3.16208202200005,-1.44988491775625,Tcm,0.58782297372818,56568,2
CD3_gut_CACTCCAGTTCGGGCT-1,CD3,3.73602432565758,-2.33536532165639,Th17_2,0.820126712322235,53784,10
CD3_gut_CGAGAAGCACTTAACG-1,CD3,-2.96374385995796,1.81321785209544,Tem,0.117380142211914,54794,3
CD3_gut_TAGCCGGTCTTACCTA-1,CD3,-2.0331112687104,2.69748518226512,Tem,0.363620698451996,18618,7
CD3_gut_ATTACTCCATGGTCTA-1,CD3,2.68768269376824,-2.63206186534994,Th17_2,0.787596940994263,57057,2
CD4_gut_TGACTTTAGTCGAGTG-1,CD4,0.780678575802538,0.374431822279765,Th17_1,0.655014157295227,64846,11
CD4_gut_TGAGCATTCGAATCCA-1,CD4,-1.81768291635444,-2.88182022812002,Tcm,0.36419141292572,64961,2
CD4_gut_ATCTGCCTCGATGAGG-1,CD4,1.2727444823272,-0.204399731179403,Th17_1,0.674437463283539,64846,11
CD4_gut_CAACCTCTCACGAAGG-1,CD4,-0.20573776407173,3.05085561035044,Tem,0.471201419830322,64706,18
CD4_gut_CAGAGAGCAGCTGCTG-1,CD4,-0.851431066226271,1.32588979957469,Tem,0.355396747589111,64848,16
CD4_gut_CAAGATCCAGCTGTAT-1,CD4,-0.896359140109327,0.0244442558086648,Tcm,0.478195071220398,64848,16
CD4_gut_GGACGTCAGTGCCATT-1,CD4,-3.07726925058296,0.101757738570048,Tcm,0.301151931285858,64846,11
CD4_gut_CTACATTCAACTGCTA-1,CD4,-1.0247990433686,-1.35281756164663,Tcm,0.442830264568329,64848,16
CD4_gut_CCATTCGCATGGGAAC-1,CD4,-2.42272918863228,2.26037285087474,Tem,0.35248601436615,64907,2
CD4_gut_GGGAATGAGCGCTCCA-1,CD4,-2.69357174081733,0.662148091772868,Tcm,0.312686562538147,64838,2
CD4_gut_TGACAACCAGACTCGC-1,CD4,-3.31865757150581,3.03501245735057,Tem,0.235332906246185,65127,2
CD5_gut_TACACGACATATGGTC-1,CD5,-4.37855022592476,-0.634954493662046,Tcm,0.331882476806641,46107,5
CD5_gut_AGCATACGTACTTAGC-1,CD5,-2.96377437753608,-2.2957619691097,Tcm,0.337242901325226,47630,2
CD5_gut_TATTACCGTCGGCTCA-1,CD5,-4.572778398227,-0.509625520726369,Tcm,0.348068237304688,46092,8
CD5_gut_GTAGGCCGTGGTCCGT-1,CD5,-3.98855369729927,-0.0211330914699301,Tcm,0.349153459072113,50813,12
CD5_gut_AAACCTGAGGAGCGTT-1,CD5,0.872487848568651,0.447798821905924,Th17_1,0.594419956207275,46201,5
CD5_gut_ACAGCCGTCGGCGCAT-1,CD5,4.6953941042907,1.26961014030345,Th17_1,0.640477538108826,45570,49
CD5_gut_ATCCGAAGTAGAAGGA-1,CD5,-4.62658279581001,-0.147289361973928,Tcm,0.328318893909454,45893,5
CD5_gut_TTATGCTAGGTGATAT-1,CD5,2.31141645269463,-2.26596787216298,Th17_2,0.659501910209656,47431,12
CD5_gut_ATGTGTGCAACAACCT-1,CD5,1.09575635747978,-0.592709984799551,Th17_1,0.57049298286438,46201,5
CD5_gut_GACGCGTAGCATCATC-1,CD5,2.24249417142937,-2.54237642528646,Th17_2,0.740727484226227,47431,12
CD5_gut_ACCAGTATCGCATGAT-1,CD5,-0.599591905307081,-2.06139424087636,Tcm,0.507343113422394,46894,18
CD5_gut_GGCAATTAGGACTGGT-1,CD5,-1.95207517785957,0.571087453345133,Tem,0.342150449752808,46913,2
CD5_gut_CCCAATCGTTCCATGA-1,CD5,-0.896532708834913,2.64529511688121,Tem,0.384339034557343,46760,3
CD5_gut_GCCAAATTCGGCTACG-1,CD5,-3.9604384247773,2.343464348296,Tem,0.478124022483826,45568,15
CD5_gut_GACGTGCAGCTAGTTC-1,CD5,-2.10923498315742,-2.88289287330739,Tcm,0.338457524776459,45865,7
CD5_gut_GCTGCGAAGGTGCTTT-1,CD5,-4.47235077066353,-1.24166062118642,Tcm,0.487695872783661,46241,2
CD5_gut_ACTGAGTGTTACCGAT-1,CD5,1.68086129980156,0.496826026419474,Th17_1,0.636651515960693,46201,5
CD5_gut_TACCTATAGCTAGTGG-1,CD5,-1.94925850076607,-0.369709666987585,Tcm,0.343579292297363,45535,52
CD5_gut_GTGCTTCAGCTACCTA-1,CD5,-2.15536516351631,-2.54545536281698,Tcm,0.344297111034393,45712,8
CD5_gut_TAGACCACAGGCAGTA-1,CD5,-1.40425651712349,2.35825679061778,Tem,0.385830700397491,46760,3
CD5_gut_TAGTGGTTCAACACTG-1,CD5,-1.76415937585762,1.16542968509562,Tem,0.466166079044342,47187,2
CD5_gut_CTGCCTAGTAGCAAAT-1,CD5,-2.67317360086372,-2.35533335449331,Tcm,0.367238640785217,47431,12
CD5_gut_TGCACCTGTCAAACTC-1,CD5,2.516506260205,-0.581344004889654,Th17_1,0.616877496242523,47166,9
CD5_gut_GCAAACTTCTAAGCCA-1,CD5,-0.0535556618683604,3.02692219970591,Tem,0.49158239364624,45556,12
CD5_gut_CCACCTACAATGGATA-1,CD5,-4.17982071084907,1.11924586055644,Tem,0.245048046112061,47431,12
CD5_gut_GGGACCTGTATAGGGC-1,CD5,-0.359200650882032,-1.57879867794149,Tcm,0.572630286216736,45931,4
CD5_gut_ACTGATGAGATGGGTC-1,CD5,-1.50994890375068,-2.90275409462087,Tcm,0.428968131542206,45829,2
CD5_gut_TGCACCTGTTTAAGCC-1,CD5,-3.81374138040474,0.872342917898966,Tcm,0.28654533624649,46201,5
CD5_gut_CTGCGGACAAATCCGT-1,CD5,-2.54322307748726,0.5416084265507,Tem,0.351323306560516,24752,12
CD5_gut_CCGTACTAGTAGATGT-1,CD5,2.09299165563652,0.61609241721995,Th17_1,0.672461867332458,47431,12
CD5_gut_AGATTGCCAATCGAAA-1,CD5,-3.12687366647651,-0.0958904886447653,Tcm,0.222560942173004,47615,2
CD5_gut_CGACTTCCAGCGTCCA-1,CD5,-2.22541158838203,3.42727825401194,Tem,0.255834758281708,46310,6
CD5_gut_GTAACGTTCAGCAACT-1,CD5,-1.65548103494575,-1.13857999088399,Tcm,0.368259608745575,46189,2
CD5_gut_CAACCAATCTGCCCTA-1,CD5,-1.19805067224434,3.30982515571482,Tem,0.467330694198608,17941,99
CD5_gut_GATCTAGTCTTCATGT-1,CD5,-2.08433263940742,0.575959537009074,Tem,0.382427752017975,45725,5
CD5_gut_ATTCTACCATGTTGAC-1,CD5,-2.04231517953804,-2.45125701667898,Tcm,0.333094835281372,47385,2
CD5_gut_AAAGTAGAGGTTACCT-1,CD5,-2.59034412546089,0.498678300360514,Tcm,0.317700147628784,46425,3
CD5_gut_AGAGCTTTCTCCAACC-1,CD5,-3.25231712503364,0.409507963637187,Tcm,0.219649195671082,45678,2
CD5_gut_ATAGACCAGTTCCACA-1,CD5,-4.30872505350044,0.905190322378947,Tem,0.215930581092834,45530,43
CD5_gut_CCTAAAGCAAGTCTAC-1,CD5,-3.9105698410981,1.39541671035655,Tem,0.230697154998779,47431,12
CD5_gut_GTGAAGGCATTATCTC-1,CD5,-2.35338180704048,2.23526904342539,Tem,0.337547659873962,47533,2
CD5_gut_TATTACCCACGGACAA-1,CD5,-1.04878395242622,1.86589429138072,Tem,0.383843541145325,45813,4
CD5_gut_TGCCCTAGTGATGCCC-1,CD5,-2.1538068596833,-2.14711048843496,Tcm,0.344212472438812,47080,2
CD5_gut_GTTTCTATCAGCTGGC-1,CD5,-1.6881291214936,-0.355594154616521,Tcm,0.381805658340454,47431,12
CD5_gut_GCACATATCCAAGTAC-1,CD5,-3.29988163156441,0.499736282805277,Tcm,0.196161448955536,47230,2
CD5_gut_GCGCGATAGTGGAGTC-1,CD5,-0.964067155551222,-0.810048449953721,Tcm,0.495352625846863,45959,2
CD5_gut_TCTTCGGTCTTTACGT-1,CD5,-3.32939499063423,0.60196671245463,Tcm,0.254907786846161,45272,3
CD5_gut_AGCCTAATCGCATGAT-1,CD5,-0.692434961032179,-2.08016708137624,Tcm,0.422892391681671,45118,20
CD5_gut_TGGCCAGCACATTAGC-1,CD5,-3.13151996774605,2.42304250953562,Tem,0.0917961597442627,46310,6
CD5_gut_GTACTTTTCTTACCGC-1,CD5,-2.56903331918648,3.45528146980174,Tem,0.406990706920624,47420,7
CD5_gut_TCGGTAATCGGAATCT-1,CD5,-2.60279148263862,-0.943788658996747,Tcm,0.322995364665985,45865,7
CD5_gut_TCCCGATAGGAGCGTT-1,CD5,-1.13284700555733,-2.26422705890767,Tcm,0.373876571655273,47637,2
CD5_gut_CTCAGAAAGCCATCGC-1,CD5,-2.71428936166694,-0.187287714501546,Tcm,0.291445314884186,47108,2
CD5_gut_CAAGTTGGTCCGTTAA-1,CD5,-2.46014278573921,-0.616971876641439,Tcm,0.336089015007019,47048,4
CD5_gut_GTCGGGTTCGGTTAAC-1,CD5,-2.70811813516548,0.100279602984263,Tcm,0.25116902589798,47301,4
CD5_gut_CTAATGGGTGGGTCAA-1,CD5,-1.75427787942817,-2.82315328361623,Tcm,0.343738555908203,47249,2
CD5_gut_CGTGTCTAGAGCTTCT-1,CD5,3.29886729078362,1.4203994011677,Th17_1,0.625700235366821,47431,12
CD5_gut_CGTTGGGAGCTGCAAG-1,CD5,-1.17378776712349,2.17033836601145,Tem,0.354174733161926,46310,6
CD5_gut_ACCAGTAGTGCAACTT-1,CD5,-2.82463615579536,3.09372803924449,Tem,0.282061040401459,46796,2
CD5_gut_GGGACCTCATGGTCAT-1,CD5,-3.29006546182564,-0.476835843344854,Tcm,0.244300365447998,45540,5
CD5_gut_CTAACTTGTAGCGTGA-1,CD5,2.23130614118645,-0.604724388738798,Th17_1,0.652384340763092,17941,99
CD5_gut_TGACTTTCAAGCGTAG-1,CD5,-2.44781892938545,2.91918585060008,Tem,0.288537919521332,46086,2
CD5_gut_AAGGCAGCACATCTTT-1,CD5,-2.80374591989448,2.93997809646495,Tem,0.280739486217499,47431,12
CD5_gut_TAAGAGAAGGCATTGG-1,CD5,-0.61802213830879,1.25561973808177,Tem,0.364241242408752,47431,12
CD5_gut_CCTTCCCGTGTGACCC-1,CD5,-2.86149089975288,2.8493396973408,Tem,0.220873415470123,45283,3
CD5_gut_GATCTAGTCGCGGATC-1,CD5,-1.40723865671089,0.791595790366007,Tcm,0.340510249137878,45856,2
CD5_gut_GTGAAGGCATGTCTCC-1,CD5,-2.61407249612739,2.83431789634593,Tem,0.0572641491889954,47254,2
CD5_gut_CGAGCACGTGTCGCTG-1,CD5,-2.67992180032661,3.16457149742015,Tem,0.145261347293854,46310,6
CD5_gut_TGCGTGGTCCGCAAGC-1,CD5,-0.860592061709669,0.11603287217982,Tem,0.463898301124573,46052,2
CD5_gut_TCGTACCAGATCCTGT-1,CD5,-0.415762120913771,1.14923295734294,Tem,0.414139926433563,45899,27
CD5_gut_GTGTTAGTCCACGACG-1,CD5,4.66125757055351,-1.97067919017904,Th17_2,0.568502187728882,47388,5
CD8_gut_ACTGAGTCAAGGACTG-1,CD8,-4.20552318735054,-0.85138483734958,Tcm,0.348918914794922,81686,2
CD8_gut_TCGGTAAAGTACGTTC-1,CD8,-3.78862064523628,-1.87491038086049,Tcm,0.409410834312439,81920,3
CD8_gut_GGGCACTCAACCGCCA-1,CD8,5.79945761518547,-0.62848557176225,Th17_2,0.81910628080368,82395,55
CD8_gut_AAACCTGGTCCTCTTG-1,CD8,0.223355119991991,2.82605788467295,Tem,0.456004679203033,80965,3
CD8_gut_GGATTACTCTATCCCG-1,CD8,1.4610498602874,0.0244072413242593,Th17_1,0.660017371177673,81776,7
CD8_gut_AAGGTTCGTCGAACAG-1,CD8,-1.68696230096748,1.28344747779734,Tem,0.442176342010498,81551,4
CD8_gut_AGATCTGTCAACGGCC-1,CD8,-3.36211746377876,-0.89390836300485,Tcm,0.329292714595795,82395,55
CD8_gut_TGCCAAAGTAGTGAAT-1,CD8,-3.60036342782905,1.29618761299021,Tem,0.292795300483704,82293,2
CD8_gut_GCTGGGTCATTCACTT-1,CD8,-3.44369476480415,-2.28862526657216,Tcm,0.369866490364075,83063,6
CD8_gut_GCGCCAACACGGACAA-1,CD8,0.394180601406786,0.591849658469035,Th17_1,0.467173099517822,82395,55
CD8_gut_ACGATGTCAGCTGTTA-1,CD8,-4.08205097360542,-1.80074026825063,Tcm,0.386443078517914,82275,5
CD8_gut_GTACTTTGTGTAACGG-1,CD8,5.0851803179271,1.40670678375132,Th17_1,0.50319230556488,81209,10
CD8_gut_AGGCCACGTGATGTGG-1,CD8,-0.795088941287306,-1.90901496650808,Tcm,0.397189617156982,81186,7
CD8_gut_TTGGAACAGTCTCGGC-1,CD8,3.29599387006829,1.00553235767253,Th17_1,0.668438673019409,82898,2
CD8_gut_CGACTTCAGAGCAATT-1,CD8,-2.95919578714302,-1.87749328853719,Tcm,0.414870321750641,78035,3
CD8_gut_TGCGCAGGTCAGGACA-1,CD8,5.30109093146393,-1.73859521391027,Tcm,0.65929901599884,82395,55
CD8_gut_GCGCAGTAGAGCTATA-1,CD8,5.63362074451515,-0.278445508500265,Th17_1,0.790555834770203,82395,55
CD8_gut_CAGCGACGTGAAGGCT-1,CD8,-4.694604570102,-0.491792645474599,Tcm,0.31172126531601,81276,2
CD8_gut_ACATGGTCACTTCGAA-1,CD8,-0.717821771334913,-0.140344288369344,Tcm,0.524124622344971,82037,3
CD8_gut_CTTGGCTAGTCTCCTC-1,CD8,3.77768737630913,-1.53540858270757,Th17_2,0.905546367168427,81229,23
CD8_gut_GTATCTTAGTGGGCTA-1,CD8,-0.958737069796827,-2.75786032917135,Tcm,0.451566159725189,81018,3
CD8_gut_CGATCGGTCGTGGTCG-1,CD8,5.40701009141276,-0.90436684729688,Th17_2,0.892888963222504,82275,5
CD8_gut_TGCGTGGCATCCGCGA-1,CD8,-2.66430633706978,0.212871286848856,Tcm,0.272135078907013,83063,6
CD8_gut_GGACATTTCCCAAGTA-1,CD8,3.38866073446343,-2.75639798881643,Tcm,0.661738514900208,81776,7
CD8_gut_CCCTCCTTCTGCTGTC-1,CD8,2.51196152525017,-2.30710377933614,Th17_2,0.740468084812164,82395,55
CD8_gut_AAAGTAGAGCACAGGT-1,CD8,2.42037660436699,0.479402754286601,Th17_1,0.723778605461121,81776,7
CD8_gut_GTACTTTGTACAAGTA-1,CD8,-1.34913271112373,-2.05031433345907,Tcm,0.349146902561188,82634,2
CD8_gut_CCTCTGACACCAGGTC-1,CD8,2.16470319585869,0.917610380629374,Th17_1,0.703157305717468,81776,7
CD8_gut_TCTCTAATCGGTGTCG-1,CD8,2.12484676199028,-1.99465921165578,Th17_2,0.717934310436249,78035,3
CD8_gut_AGCTCTCGTCCGAATT-1,CD8,2.54134876089165,-2.34878828765981,Th17_2,0.762109577655792,82420,2
CD8_gut_CGGTTAACATCGGAAG-1,CD8,4.78394842701027,-1.94043674709432,Th17_2,0.684044182300568,82275,5
CD8_gut_TTCTCCTCATGCCCGA-1,CD8,2.93667156057427,-2.25988080741994,Th17_2,0.857629358768463,83063,6
CD8_gut_CCTACCAAGTGATCGG-1,CD8,2.33379990415642,-2.48563161136739,Th17_2,0.643912196159363,81776,7
CD8_gut_CCTTTCTGTTCCACGG-1,CD8,-2.75037258310249,-1.48062875511281,Tcm,0.424220263957977,83063,6
CD8_gut_AGTGAGGAGCGTAGTG-1,CD8,-4.06641739053657,0.709503624419047,Tcm,0.261401295661926,82650,2
CD8_gut_CTTAGGATCTCAAACG-1,CD8,2.24936086492607,-0.955673244019674,Th17_1,0.653842151165009,82395,55
CD8_gut_GCGCAGTCACGGCCAT-1,CD8,-2.05138319177559,-2.80984261276357,Tcm,0.361339628696442,80971,2
CD8_gut_CTGATCCTCAGGTTCA-1,CD8,-0.62936418695381,1.33782431838877,Tem,0.329890549182892,82395,55
CD8_gut_TGGCGCAAGGATTCGG-1,CD8,4.3913397248275,-1.39210882427327,Th17_2,0.88520473241806,82510,3
CD8_gut_ACACTGACAGTAAGAT-1,CD8,-1.87706726236275,-3.08478262664907,Tcm,0.353786170482635,81460,11
CD8_gut_GCGCGATGTGCTGTAT-1,CD8,-3.19623630685737,1.20081767795451,Tem,0.126414358615875,81551,4
CD8_gut_CCTACACCACGTCAGC-1,CD8,-3.00928180856636,3.34290382621653,Tem,0.200746715068817,83063,6
CD8_gut_AGATCTGTCTAACCGA-1,CD8,3.61426503019402,-2.08071949722402,Th17_2,0.833292484283447,82037,3
CD8_gut_CGGACACAGCCCAACC-1,CD8,-2.96077030343941,-0.183873560448812,Tcm,0.235786497592926,82395,55
CD8_gut_ACGCCAGTCCTTCAAT-1,CD8,-2.95384758157661,0.0627386903560891,Tcm,0.211843490600586,82395,55
CD8_gut_GGAATAAAGCGTGAGT-1,CD8,-1.49361770791939,1.9848103260792,Tem,0.349427580833435,81905,2
CD6_gut_ATCTACTAGCGTGAGT-1,CD6,5.18604893045494,1.1810629105366,Th17_2,0.758203208446503,70851,4
CD6_gut_TCAGCTCCATAGAAAC-1,CD6,3.30305940465996,-2.25357654335134,Th17_2,0.836557030677795,71095,2
CD6_gut_GCAAACTAGATATGCA-1,CD6,5.25549613492558,0.512027833441569,Th17_2,0.751674890518188,71083,2
CD6_gut_GGTATTGCAAATTGCC-1,CD6,5.05719754653046,1.12826881168254,Th17_1,0.469948887825012,70934,11
CD6_gut_AACCATGGTGACCAAG-1,CD6,3.10199410276482,-2.08664419891469,Th17_2,0.855451464653015,71736,4
CD6_gut_CCTAGCTTCTACTCAT-1,CD6,3.84925908403465,-2.05899074318044,Th17_2,0.887931883335114,71242,3
CD6_gut_TTGACTTAGAGTTGGC-1,CD6,3.36746842222283,-1.88220587017171,Th17_1,0.696595668792725,72152,2
CD6_gut_GATGAGGCATCGATTG-1,CD6,2.8055654223449,-2.63644709827535,Th17_2,0.718709468841553,70482,2
CD6_gut_TACGGTATCCGATATG-1,CD6,5.32425745384762,-0.313378062268423,Th17_2,0.888895869255066,71381,2
CD6_gut_TGAGCCGGTTTGGCGC-1,CD6,4.61091131525109,-0.385010238906072,Th17_2,0.921539187431335,71274,7
CD6_gut_CGACCTTGTCTAGGTT-1,CD6,3.02658016042778,-1.85950651409261,Th17_2,0.864874362945557,71274,7
CD6_gut_ACCTTTATCCACGCAG-1,CD6,-2.7940394227021,-1.35860302688711,Tcm,0.364133834838867,71634,3
CD6_gut_GATCGCGGTACAGACG-1,CD6,5.70756221370766,-0.527921941300558,Th17_2,0.930888116359711,70325,6
CD6_gut_GTACGTACATACGCTA-1,CD6,4.14313585119316,-2.28802397491567,Tcm,0.653456926345825,70475,34
CD6_gut_ACCGTAAGTCCTAGCG-1,CD6,-3.00624149484566,-0.377682652493642,Tcm,0.282865345478058,70564,11
CD6_gut_CTGTGCTTCCGCGCAA-1,CD6,5.25928734796116,-1.15346359850995,Th17_2,0.844986081123352,71274,7
CD6_gut_GACTGCGCAATCACAC-1,CD6,4.69672734098503,0.851377103308512,Th17_2,0.933864593505859,71535,14
CD6_gut_ACGATACCAGTGGGAT-1,CD6,2.24002320127556,-2.62048485519521,Th17_2,0.652207732200623,71220,2
CD6_gut_ATTGGACAGCTGAAAT-1,CD6,-3.02661483926704,0.91025802848704,Tcm,0.441876828670502,70984,3
CD6_gut_ATGCGATCACAAGTAA-1,CD6,4.10004336195061,-1.14156335236661,Th17_2,0.920133054256439,71963,2
CD6_gut_GGCTCGATCATTTGGG-1,CD6,4.44546837167809,-1.68465616943471,Th17_1,0.652538895606995,70851,4
CD6_gut_ATGCGATGTTTGACTG-1,CD6,3.40142280416558,1.31552240608103,Th17_1,0.670140743255615,71842,5
CD6_gut_AGTGGGAAGTGTCTCA-1,CD6,3.88061327295372,-0.764857672324108,Th17_2,0.86918032169342,70325,6
CD6_gut_TATCAGGTCTTATCTG-1,CD6,4.17569155054161,-2.14471676590078,Th17_2,0.743940234184265,71920,2
CD6_gut_GCACTCTTCGACCAGC-1,CD6,-1.7916619126313,2.15279886482127,Tem,0.485092282295227,71689,2
CD6_gut_CCTCAGTCAACTGGCC-1,CD6,3.02953988866875,-2.62705722095601,Th17_2,0.715658724308014,71232,2
CD6_gut_TTGTAGGAGGCCCTCA-1,CD6,-2.29903190774849,3.62610647437937,Tem,0.479392766952515,70856,4
CD6_gut_CGAGCCAGTTATCACG-1,CD6,-3.76740997476509,2.57564184425242,Tem,0.331636607646942,70449,18
CD6_gut_ACCCACTGTTGTACAC-1,CD6,-4.46979015512398,-1.05242752673261,Tcm,0.331700503826141,70978,4
CD6_gut_CGTTCTGCACCAGGCT-1,CD6,4.9461669977195,-2.12370910884969,Tcm,0.614551663398743,70978,4
CD6_gut_TCCACACCAAGCGATG-1,CD6,-2.86261051340034,1.95657226798899,Tem,0.232505440711975,70457,57
CD6_gut_TACCTTACAGGAACGT-1,CD6,4.24486762838433,-1.34638365747564,Th17_2,0.929695725440979,70325,6
CD6_gut_CAAGGCCAGTCGCCGT-1,CD6,5.77391338901589,-0.859965372999834,Th17_2,0.948262214660645,70325,6
CD6_gut_TAGTGGTCAGCTGTTA-1,CD6,4.58547437744209,-1.32885196449392,Th17_2,0.891277432441711,71535,14
CD6_gut_CACTCCAGTCTAGTCA-1,CD6,-0.776085073184278,-2.08955302478902,Tcm,0.327661156654358,71126,2
CD6_gut_CCGGTAGAGAGATGAG-1,CD6,-2.0956022088044,-1.43150630237691,Tcm,0.329138278961182,70268,2
CD6_gut_CCGGTAGCAATTGCTG-1,CD6,5.06107065634796,-2.20016637088888,Tcm,0.503849029541016,70504,26
CD6_gut_AGTCTTTAGTTCGCAT-1,CD6,1.69963867025444,-2.07900204898946,Th17_2,0.59229975938797,70480,48
CD6_gut_ACTGAACAGACTTTCG-1,CD6,-3.28647583169868,-2.38198139907949,Tcm,0.366086781024933,71118,3
CD6_gut_CTAGCCTTCTCGCATC-1,CD6,2.26939756231377,0.423980805853678,Th17_1,0.676973700523376,70475,34
CD6_gut_GCGCCAATCTCTGTCG-1,CD6,-1.98606794519356,-0.26067885400884,Tcm,0.422966837882996,70945,4
CD6_gut_CAAGTTGAGACGCAAC-1,CD6,2.81886154966423,0.107640240172221,Th17_1,0.716024041175842,25367,2
CD6_gut_TCGGTAATCAACACAC-1,CD6,-1.33856504602363,-3.19052412750356,Tcm,0.682125329971313,70829,2
CD6_gut_GTCGTAATCCAAACTG-1,CD6,4.82525408821175,-0.834895190020727,Th17_2,0.858651399612427,71274,7
CD6_gut_GTGCTTCGTACAAGTA-1,CD6,-4.66315143747261,-0.857653219422029,Tcm,0.400753915309906,70538,18
CD6_gut_CAGCTGGCACAAGACG-1,CD6,-1.00720852060249,0.245466921309306,Tem,0.455646276473999,71795,3
CD6_gut_CATCGGGAGTTACGGG-1,CD6,3.44804627256462,0.902762744406535,Th17_1,0.737476348876953,71842,5
CD6_gut_CGAGAAGAGGAATGGA-1,CD6,4.07693249540398,-1.41765340807073,Th17_2,0.854969918727875,71623,4
CD6_gut_TGAGGGACACCATGTA-1,CD6,-4.14854686899116,-1.92106857540243,Tcm,0.428029716014862,70978,4
CD6_gut_GACCTGGAGTTCGATC-1,CD6,-4.68806808633735,-0.3419364953243,Tcm,0.404198825359344,71305,6
CD6_gut_CACCACTGTGTGTGCC-1,CD6,2.33494788961479,0.192630920389964,Th17_1,0.725305914878845,24047,130
CD6_gut_CGTCTACAGAGTGAGA-1,CD6,4.29118031816551,0.225721213797404,Th17_1,0.796327412128448,71736,4
CD6_gut_TCAGCTCCAAGTAATG-1,CD6,5.11398605065415,-0.745308797975706,Th17_2,0.824970960617065,70325,6
CD6_gut_CTCGTCAGTTCACGGC-1,CD6,-0.947602445315626,2.40295955894358,Tem,0.53409218788147,72186,3
CD6_gut_GAAGCAGAGCTGAAAT-1,CD6,5.21793467359612,-1.91560223343007,Tcm,0.641467571258545,71535,14
CD6_gut_CTAGCCTAGTAGCGGT-1,CD6,-3.78966968698433,0.286917898634745,Tcm,0.245618462562561,70916,2
CD6_gut_CTACCCACAGGCTCAC-1,CD6,2.66119915800163,0.779382441023661,Th17_1,0.728422522544861,71795,3
CD6_gut_TGGGAAGTCCTTGACC-1,CD6,-4.29403751535347,0.183742556551768,Tcm,0.24200052022934,70690,9
CD6_gut_TTTGCGCTCAGGTTCA-1,CD6,-2.31400888605049,0.464298698881938,Tcm,0.29658967256546,71305,6
CD6_gut_GATCGATTCCCTTGTG-1,CD6,2.37419635610649,-2.45282318832509,Th17_2,0.671620845794678,71145,2
CD6_gut_CCTTCGACATTAGGCT-1,CD6,4.05271345930168,-1.45470401289098,Th17_2,0.906396806240082,71274,7
CD6_gut_ACGCCAGGTACGAAAT-1,CD6,-0.105086023043897,2.78319260833628,Tem,0.437554061412811,70466,2
CD6_gut_GCCAAATTCTTGAGAC-1,CD6,-1.69711082620552,2.51422712562449,Tem,0.469019770622253,71808,2
CD6_gut_TTCGAAGGTTCAGTAC-1,CD6,-2.09238308114937,0.29570302722819,Tem,0.388485908508301,72013,2
CD6_gut_TATTACCCATCCGCGA-1,CD6,-1.01192825479439,1.61178085563548,Tem,0.302702605724335,72186,3
CD6_gut_CTCGAGGGTCGGCTCA-1,CD6,-3.45859115762642,0.791146013716532,Tcm,0.159544348716736,70238,3
CD6_gut_AGTGAGGCAACACCCG-1,CD6,-3.40598266763618,1.35520717857249,Tcm,0.100028455257416,71357,2
CD6_gut_TTCCCAGCAGAAGCAC-1,CD6,4.93033981876442,-1.8919945025646,Th17_2,0.680197596549988,71535,14
CD6_gut_CCCATACTCCTCAACC-1,CD6,-3.32069938821724,2.75597402809031,Tem,0.0358586311340332,71342,5
CD6_gut_GACGTTACATCTCCCA-1,CD6,-2.53399246377876,-2.05827667953603,Tcm,0.283977508544922,70281,2
CD6_gut_CGTCCATAGCGACGTA-1,CD6,0.101023023892138,3.06825372932322,Tem,0.496735751628876,71178,2
CD6_gut_TTTCCTCTCCGAAGAG-1,CD6,-0.984209710788038,-0.686157208105253,Tcm,0.509092569351196,71571,6
CD6_gut_TTGGAACTCTGGGCCA-1,CD6,-3.48732631845405,0.960764262656046,Tcm,0.145994126796722,71370,2
CD6_gut_AGCGTATTCGAATGGG-1,CD6,-1.98747127695015,-0.941858213564085,Tcm,0.380383253097534,71459,4
CD6_gut_TCTTTCCTCCGGCACA-1,CD6,2.01599127607414,-0.788565158081876,Th17_1,0.687829613685608,25814,21
CD6_gut_GCATGCGAGTTTAGGA-1,CD6,-0.930745774935987,-0.596606087108777,Tcm,0.513407051563263,71118,3
CD6_gut_TGAGCATCACAGCCCA-1,CD6,5.55186578439543,-1.11869302036397,Th17_2,0.718985021114349,72073,2
CD6_gut_GTAGTCACATCGGACC-1,CD6,-2.35522192163399,-1.14037423970334,Tcm,0.352812230587006,70548,22
CD6_gut_TAGCCGGTCGCCAGCA-1,CD6,3.6716690714843,1.15289375541575,Th17_1,0.646721243858337,71842,5
CD6_gut_TGACTTTGTCGTGGCT-1,CD6,-3.69238060159614,-0.553276907821821,Tcm,0.325852036476135,70548,22
CD6_gut_GCGCAACTCCTCCTAG-1,CD6,3.6377369816787,-1.63546296598546,Th17_2,0.731380760669708,70851,4
CD6_gut_GAATGAAAGTACGTTC-1,CD6,1.63490492658684,-0.3668308520519,Th17_1,0.712416648864746,71842,5
CD6_gut_TTCCCAGCATTAGCCA-1,CD6,2.84904391126702,-1.64363249780767,Th17_2,0.802159309387207,71274,7
CD6_gut_ATCCACCAGCGTCAAG-1,CD6,-0.974304849337843,-0.964044582267927,Tcm,0.485338509082794,71110,2
CD6_gut_CGTGTAAGTTGGAGGT-1,CD6,2.81024438695976,-0.583363559266256,Th17_1,0.606784284114838,70417,15
CD6_gut_GCTGGGTGTGACTCAT-1,CD6,-3.41339748544624,0.992383215407206,Tcm,0.199854552745819,25356,3
CD7_gut_GACGTTATCACTTATC-1,CD7,5.01053247408936,1.4692389702595,Th17_1,0.516144514083862,77002,2
CD7_gut_CGACTTCGTCAGATAA-1,CD7,1.48514897184441,0.0468522643841043,Th17_1,0.698534607887268,76891,7
CD7_gut_TTATGCTAGTAAGTAC-1,CD7,1.23310739355156,0.212417039851023,Th17_1,0.68406617641449,76950,20
CD7_gut_AGTTGGTAGTGTTTGC-1,CD7,2.44421536283562,-2.09969904663198,Th17_2,0.737764000892639,76950,20
CD7_gut_TGATTTCGTACATGTC-1,CD7,-1.08900278253486,-1.95861759426229,Tcm,0.379849553108215,77587,8
CD7_gut_AGGGATGCAATGGTCT-1,CD7,-3.78224056405952,-2.01208296062581,Tcm,0.406891524791718,77357,13
CD7_gut_TCGCGAGAGCGTGAAC-1,CD7,2.44392377691338,0.860746119002177,Th17_1,0.72742235660553,76950,20
CD7_gut_AGGTCCGAGGCTAGAC-1,CD7,-0.194437200259474,2.80118200538523,Tem,0.496196269989014,78652,10
CD7_gut_TGAGAGGGTCTGCAAT-1,CD7,4.57542831258843,1.2078829741276,Th17_1,0.653086602687836,77357,13
CD7_gut_CGCTTCAGTAGGGTAC-1,CD7,-2.17381542367866,-2.67596342804067,Tcm,0.377254664897919,77140,3
CD7_gut_TCTCATAAGAAGGTGA-1,CD7,-3.9610258881562,-0.90768733265035,Tcm,0.348701775074005,77202,15
CD7_gut_GATGAAAAGGATGCGT-1,CD7,0.000619715023729484,2.78285453079112,Tem,0.47031956911087,77526,2
CD7_gut_ATTACTCGTTGCGTTA-1,CD7,-1.0806867424958,-1.64622971059911,Tcm,0.419708728790283,78839,2
CD7_gut_TGCCAAATCAGTGTTG-1,CD7,4.02991360979149,1.21010277030833,Th17_1,0.790236473083496,47770,27
CD7_gut_TGCTGCTTCTATCCTA-1,CD7,1.86751109914849,0.182779822329356,Th17_1,0.735805153846741,78584,3
CD7_gut_GGCTCGACATACCATG-1,CD7,2.32572109060356,0.186136636713816,Th17_1,0.649138569831848,57708,2
CD7_gut_CGGCTAGAGTCTCCTC-1,CD7,2.46381170110771,0.443334672430827,Th17_1,0.712086319923401,78297,7
CD7_gut_TACGGTACAGATCGGA-1,CD7,-3.22927539987495,-0.127013590356039,Tcm,0.281229376792908,76933,2
CD7_gut_TCTGGAACACATCCGG-1,CD7,-3.48056762857368,2.2414557671345,Tem,0.320263504981995,77895,2
CD7_gut_GCATGCGTCAATCACG-1,CD7,-1.30478828592232,2.01389643905528,Tem,0.451328694820404,78652,10
CD7_gut_GAACATCGTGATGTGG-1,CD7,2.22596484975884,-0.67178271355264,Th17_1,0.641155958175659,78297,7
CD7_gut_AACCGCGTCCAGATCA-1,CD7,0.958427732754442,-0.317501302977727,Th17_1,0.574197888374329,78541,6
CD7_gut_CTGTTTAAGAAGGTGA-1,CD7,-0.0919257943146494,2.4218756890095,Tem,0.522287964820862,47770,27
CD7_gut_CGTCACTTCAACACTG-1,CD7,-1.34122102899483,2.43328926322825,Tem,0.480137526988983,47770,27
CD7_gut_CTAGTGAGTGCATCTA-1,CD7,-0.785024339389112,2.61494467018016,Tem,0.404026091098785,77166,6
CD7_gut_CACATAGAGAAGGTGA-1,CD7,2.77825266676018,-2.40749767067067,Th17_2,0.757403135299683,47770,27
CD7_gut_GCAAACTAGCTTTGGT-1,CD7,3.56983477430412,1.35557362792857,Th17_1,0.681330800056458,47770,27
CD7_gut_TGGGCGTTCAACGGCC-1,CD7,5.17548886494705,-1.90372255088918,Th17_2,0.575442433357239,77637,14
CD7_gut_GGAATAATCCCTCAGT-1,CD7,-2.59274452371528,0.140682432631327,Tcm,0.215880513191223,77299,14
CD7_gut_CATTATCTCAGTTAGC-1,CD7,0.0060852225310537,3.30582973716624,Tem,0.473940670490265,78824,6
CD7_gut_ATTCTACTCATCGATG-1,CD7,4.06642693834374,1.29888627288706,Th17_1,0.66556316614151,77132,6
CD7_gut_ATCTACTAGTTGAGAT-1,CD7,3.4934167321212,0.657218310812785,Th17_1,0.752114295959473,47770,27
CD7_gut_CGGACTGTCCATGAGT-1,CD7,-1.90445583505562,3.30601093528636,Tem,0.422084629535675,47770,27
CD7_gut_GTCACAAGTTAGAACA-1,CD7,3.70061296777794,-0.73504271747701,Th17_2,0.866920113563538,47770,27
CD7_gut_ATTGGACCAGCCTATA-1,CD7,-0.726833993624952,1.13816640136607,Tem,0.402899265289307,77637,14
CD7_gut_TCAGGTAGTCGGCACT-1,CD7,3.28317267255852,1.69945499656565,Th17_1,0.592725932598114,47770,27
CD7_gut_GTGCATACATCGATGT-1,CD7,5.42936724977562,-0.420140590687917,Th17_2,0.902249872684479,78297,7
CD7_gut_CTACCCATCTTGTCAT-1,CD7,2.11328942136833,-0.620902177115606,Th17_1,0.686450362205505,78824,6
CD7_gut_GACTGCGGTTGTGGAG-1,CD7,3.69866628007958,0.495706770399882,Th17_1,0.785508215427399,77342,23
CD7_gut_TGCGTGGCATTTGCTT-1,CD7,2.94784528570244,-0.537913721223997,Th17_1,0.673793315887451,76950,20
CD7_gut_TTCTACAGTTCGGGCT-1,CD7,-0.934804135989454,0.424634430388285,Tem,0.461813807487488,47770,27
CD7_gut_CTCTACGGTCTGCGGT-1,CD7,4.24949914770195,-1.18020388128393,Th17_2,0.810629725456238,47770,27
CD7_gut_TGGCCAGCACAAGCCC-1,CD7,-2.32623880548408,3.29351780174143,Tem,0.461519181728363,78824,6
CD7_gut_CACAGTAGTAAACCTC-1,CD7,2.4395278151519,-2.46534123661153,Th17_2,0.762677252292633,47770,27
CD7_gut_CAGCATATCTAACCGA-1,CD7,4.25698322610924,-0.943038728257345,Th17_2,0.894099175930023,79230,4
CD7_gut_TTGGAACAGATGGCGT-1,CD7,4.05467254476616,-1.37258305790059,Th17_2,0.879829823970795,79230,4
CD7_gut_ACATACGTCATGTCCC-1,CD7,-1.24240558786323,2.19377968070872,Tem,0.347691595554352,76950,20
CD7_gut_TCAGGTAAGCCAGTTT-1,CD7,4.04286736803124,-2.14853420498006,Th17_2,0.726637423038483,47770,27
CD7_gut_TGACAACGTACAGACG-1,CD7,2.73443776922295,-1.95331123115651,Th17_1,0.782462656497955,76950,20
CD7_gut_TCTGGAACACAAGACG-1,CD7,-3.2504717652314,2.54324385879405,Tem,0.303887009620667,78636,6
CD7_gut_TTCTCAAGTTGAGTTC-1,CD7,-2.65872066659858,2.51727125404246,Tem,0.0653019547462463,79315,2
CD7_gut_ATAGACCCATCGATGT-1,CD7,-2.57847278757026,2.69601986167796,Tem,0.243852376937866,47770,27
CD7_gut_AGCGGTCTCAGTCCCT-1,CD7,4.19041568594048,-1.19016253592603,Th17_2,0.816356778144836,77673,2
CD7_gut_AAACGGGTCAGTCCCT-1,CD7,-2.60785453958442,2.0498316025532,Tem,0.284022748470306,79098,2
CD7_gut_GTATCTTGTAAATACG-1,CD7,5.88757417159149,-0.375978496094869,Th17_2,0.909317255020142,76950,20
CD7_gut_GCGCCAATCATTTGGG-1,CD7,4.7142481859214,0.837960813025309,Th17_1,0.610428333282471,47770,27
CD7_gut_CGAGCACTCTGATACG-1,CD7,-3.22091549081733,3.09589764831431,Tem,0.0851517915725708,77637,14
CD9_gut_TTCTACAGTTTAAGCC-1,CD9,1.25382501440117,-0.32265287282102,Th17_1,0.708485126495361,88246,11
CD9_gut_CATTATCAGTTGAGAT-1,CD9,2.77517110662529,0.623764607886149,Th17_1,0.731093108654022,88416,5
CD9_gut_TTTGGTTTCACGATGT-1,CD9,5.7235347087867,-0.469629939814733,Th17_2,1,88092,3
CD9_gut_CTACATTCAGCTGTTA-1,CD9,-0.737853223513868,-1.62736531736486,Tcm,0.498345494270325,88246,11
CD9_gut_TGAGCATGTTCCCTTG-1,CD9,-2.98824470682075,-0.939245652576612,Tcm,0.341730952262878,88551,5
CD9_gut_AACGTTGGTAAATGTG-1,CD9,3.74385041551659,-1.76607229950063,Th17_2,0.858301877975464,88246,11
CD9_gut_CGATCGGGTCATGCAT-1,CD9,-3.626977616977,-2.16217925788991,Tcm,0.41645348072052,88416,5
CD9_gut_TGTTCCGAGTCTTGCA-1,CD9,-4.42252605600288,-0.598245289345907,Tcm,0.360629141330719,87752,9
CD9_gut_ACCGTAATCGCTAGCG-1,CD9,-1.88584011239937,-3.00878145935171,Tcm,0.398496389389038,88275,32
CD9_gut_CGATTGACATGTCGAT-1,CD9,5.08049288945267,-1.80815925838582,Th17_2,0.658837378025055,87709,17
CD9_gut_TGCGCAGAGTCCATAC-1,CD9,3.65433711366722,1.22513267753489,Th17_1,0.719262957572937,88246,11
CD9_gut_GTCTCGTGTAAAGTCA-1,CD9,-0.66542785806587,-1.8720411324703,Tcm,0.447460830211639,87948,4
CD9_gut_CCATGTCAGTGTCTCA-1,CD9,1.99353796796868,1.36808655021556,Th17_1,0.600196838378906,88329,2
CD9_gut_GTATCTTGTTCGAATC-1,CD9,-2.31756275339058,0.689959619025065,Tem,0.376050889492035,87903,5
CD9_gut_GAGGTGATCCTCAACC-1,CD9,1.93670398550102,0.638010952452494,Th17_1,0.688213467597961,88416,5
CD9_gut_TGGCGCATCAAGCCTA-1,CD9,-0.651240522097853,1.57033083198435,Tem,0.39800101518631,88064,3
CD9_gut_GGGAGATTCAGAGCTT-1,CD9,4.45009834127495,-0.516488250514196,Th17_2,0.957020998001099,88246,11
CD9_gut_AGGTCATTCGGATGGA-1,CD9,2.25411612348625,-0.819005690684246,Th17_1,0.719376802444458,88246,11
CD9_gut_CGGAGCTGTTATCACG-1,CD9,4.74241543369362,1.47708222625621,Th17_1,0.679030895233154,88246,11
CD9_gut_GTGTTAGAGTTGAGTA-1,CD9,3.8154074604995,-2.30376985313527,Th17_2,0.735993027687073,88246,11
CD9_gut_ATTTCTGGTGTTGAGG-1,CD9,2.80995971517632,-1.07299914600484,Th17_2,0.770639181137085,88246,11
CD9_gut_GACTAACTCCTAGTGA-1,CD9,4.87618566112587,1.37896368263133,Th17_1,0.610275626182556,88246,11
CD9_gut_ATCTGCCAGAGGTAGA-1,CD9,2.20730001287529,-2.48103752376668,Th17_2,0.736395597457886,87548,25
CD10_gut_CGGACTGAGAGATGAG-1,CD10,4.89806634740898,1.36311599967845,Th17_1,0.729794323444366,91762,2
CD10_gut_GAATGAACAGACACTT-1,CD10,5.02041265921662,-0.728125013580249,Th17_2,0.870675086975098,91774,3
CD10_gut_CAGCTGGCAGCCTTGG-1,CD10,4.82129145221779,-1.13398101570241,Th17_2,0.893809378147125,91282,2
CD10_gut_CACTCCACAACACGCC-1,CD10,3.95418495493004,-1.5595062637531,Th17_2,0.889491140842438,91314,2
CD10_gut_CCGTACTAGGGTTTCT-1,CD10,-0.189586812686231,-1.87758043052785,Tcm,0.573550403118134,90996,30
CD10_gut_CATGCCTGTGCTAGCC-1,CD10,2.55384308652947,0.289126965979411,Th17_1,0.762871980667114,90928,24
CD10_gut_GCCAAATGTTACGCGC-1,CD10,1.31100255804131,0.251717183569743,Th17_1,0.6770099401474,90993,3
CD10_gut_GAACATCAGGCTCAGA-1,CD10,1.90767533140251,0.38801476714976,Th17_1,0.678907573223114,91324,3
CD10_gut_CACATTTGTGGTTTCA-1,CD10,-3.89833324594429,-1.85573878528707,Tcm,0.355062782764435,91324,3
CD10_gut_TGGACGCCAAGTACCT-1,CD10,1.42592984991142,1.06703064201243,Th17_1,0.606899559497833,91204,7
CD10_gut_CGGAGTCCAGGTGGAT-1,CD10,-2.77319496316841,-1.64778539182775,Tcm,0.319437325000763,91119,4
CD10_gut_CCACTACCAGCGATCC-1,CD10,4.1950678284652,-0.949382778426336,Th17_2,0.920420110225677,91684,2
CD10_gut_CCCTCCTAGTCGCCGT-1,CD10,-1.67230146570137,-2.49480631591909,Tcm,0.361300349235535,91173,12
CD10_gut_GAAACTCCAAGTTAAG-1,CD10,0.874314134884569,-0.139341380616353,Th17_1,0.615577101707458,90954,6
CD10_gut_TCAACGACAATGGATA-1,CD10,-1.99627655191353,-2.40066471340291,Tcm,0.339718878269196,92141,2
CD10_gut_CAGCAGCGTAGAGCTG-1,CD10,4.97456428961823,-1.92888202907674,Tcm,0.525406718254089,92016,4
CD10_gut_ATTTCTGCATTTCACT-1,CD10,-3.03839748544624,-2.03071501495473,Tcm,0.391165971755981,91769,71
CD10_gut_GACGTGCTCACCAGGC-1,CD10,-1.68690174264839,-3.01456811668508,Tcm,0.38026237487793,90901,2
CD10_gut_GGATGTTCAATGGAGC-1,CD10,2.69526941137383,-0.691225987096952,Th17_1,0.696074604988098,90928,24
CD10_gut_ATCTACTTCCCATTAT-1,CD10,3.57703465776512,-2.41536679508321,Th17_2,0.650419175624847,91886,2
CD10_gut_GCGCAACTCCGTCAAA-1,CD10,5.71661967592308,-0.185077395459341,Th17_2,0.692170739173889,91062,2
CD10_gut_CAGCGACTCAGCTGGC-1,CD10,3.73078293161461,1.07543644664652,Th17_1,0.737531542778015,91723,4
CD10_gut_TAGTTGGCACAGCGTC-1,CD10,4.58832187013695,-0.654382419010328,Th17_2,0.83276504278183,90825,19
CD10_gut_AGCTTGATCACAACGT-1,CD10,-4.26038902444771,-1.22954550029867,Tcm,0.3626868724823,91119,4
CD10_gut_TGTATTCAGAACAACT-1,CD10,-2.66453045053413,0.400466535071208,Tcm,0.34526115655899,91336,2
CD10_gut_ATCACGAAGATGGCGT-1,CD10,-0.830329114627149,1.39725563285716,Tem,0.406358242034912,90956,18
CD10_gut_TACGGTAAGAAGGGTA-1,CD10,3.48767167882988,1.29839942214854,Th17_1,0.698473453521729,91723,4
CD10_gut_TACTCGCGTTCAACCA-1,CD10,-0.653864080142286,-1.40460744144552,Tcm,0.505677580833435,90756,2
CD10_gut_ATGTGTGAGTAAGTAC-1,CD10,2.94728285627434,-2.67985394241445,Th17_2,0.680811583995819,91628,2
CD10_gut_ACCAGTAAGCCACTAT-1,CD10,2.89365369634697,-1.98178854229085,Th17_2,0.918675005435944,91723,4
