"cellID","celltype","UMAP_1","UMAP_2"
"HC1_oral_CGGACACGTATAATGG-1","Treg",-1.58070642537896,-4.12490931415153
"HC1_oral_GGGTTGCCATCCGCGA-1","Th17",-2.64242435283486,-0.425701352592233
"HC1_oral_GCAATCACAATGGAGC-1","Th17",-1.06286925859276,-1.29509821796012
"HC1_oral_ACGATACGTGCTGTAT-1","Th17",-2.01486641950432,-0.303340348239664
"HC1_oral_CTACGTCCAGTTAACC-1","Th17",-2.16359228677575,-0.281387778754953
"HC1_oral_TGCTACCGTACTTAGC-1","Th17",3.94429092817481,2.37376674747872
"HC1_oral_ATCTACTGTTGCGCAC-1","Th17",3.32927637510475,-3.70419445895744
"HC1_oral_CTCATTATCGTACCGG-1","Th17",3.16145115308937,-5.06019822024894
"HC1_oral_GGACAGAAGCGATAGC-1","Th17",0.00816278867896525,-1.58699813747001
"HC1_oral_CAGCAGCGTTCGAATC-1","Th17",-2.96463292128865,-0.0354879226644074
"HC1_oral_CTAATGGTCCAGGGCT-1","Th17",0.046168379117808,1.72144588566231
"HC1_oral_CCACTACTCCGTAGTA-1","Tcm",3.0940530818003,-4.92493859195304
"HC1_oral_ATTACTCTCCTATGTT-1","NK-like",-5.22254437990014,2.5427556905787
"HC1_oral_CGTCCATGTGGCGAAT-1","Th17",-0.538348861406484,0.279948634270903
"HC1_oral_ATAACGCTCACCTCGT-1","Th17",-0.134039111803212,0.643593323592421
"HC1_oral_CGTCACTAGACTGTAA-1","Treg",-1.68137354440514,-3.65495005511833
"HC1_oral_GCATACAGTATAAACG-1","Th17",4.25025253706153,1.72136684990334
"HC1_oral_AAATGCCAGCGAGAAA-1","Tcm",2.95420198850807,-3.37912336253715
"HC1_oral_GTATTCTTCGGCCGAT-1","Th17",-0.103342004488149,1.51523181534218
"HC1_oral_TAGTGGTAGAGCTGCA-1","Th17",0.0110152285593363,1.84377178287911
"HC1_oral_TTCGAAGAGTGAAGAG-1","Th1/Tem",-2.27793366498772,1.62248393631386
"HC1_oral_CAGAGAGGTAGCGCTC-1","Cytotoxic",-4.93016213960473,-0.731103214259866
"HC1_oral_CGAGAAGTCTTGCATT-1","Th17",-2.27843434400384,-0.20370671414924
"HC1_oral_GTAACTGGTCTAACGT-1","Th1/Tem",-1.83340353555504,1.21227833366799
"HC1_oral_GCCTCTAGTAGATTAG-1","Tcm",2.45308905058082,-3.95359698199821
"HC1_oral_CCATGTCAGGGTCGAT-1","Th1/Tem",-0.905257411668935,2.61506828403878
"HC1_oral_CAGCGACAGATGCCAG-1","Th17",3.2230780642527,0.199484405283209
"HC1_oral_AGGCCGTAGTCATGCT-1","Th1/Tem",-3.8119368035299,3.16949018574166
"HC1_oral_GTGAAGGAGCACAGGT-1","Tcm",2.47674971037086,-4.21503916644645
"HC1_oral_GAACGGACATACGCTA-1","Th1/Tem",-1.86365968770806,2.08352848625588
"HC1_oral_CAACCTCAGTATTGGA-1","Th17",4.15104275160011,1.24764969683098
"HC1_oral_ATGTGTGAGCTGTTCA-1","Th17",-0.110524602602163,-0.662287386890176
"HC1_oral_GTGCATATCCAGATCA-1","Th17",3.57452803068336,2.22902890777993
"HC1_oral_CAGCTAAGTTACAGAA-1","Th1/Tem",-0.924862571428457,1.67334553337502
"HC1_oral_CTGATCCTCCGTCAAA-1","Th17",2.76275759153541,0.141690370802161
"HC1_oral_TAGTTGGAGCTGTTCA-1","Th17",1.28321342878517,0.201786038641211
"HC1_oral_GTTCATTTCACTCCTG-1","Th17",4.52335529737648,0.466375721008143
"HC1_oral_GGCTGGTTCCTTTCGG-1","Treg",-2.21349943466012,-3.62155047320915
"HC1_oral_GACCTGGTCTTGAGGT-1","Th17",1.2509396594065,2.95725545025277
"HC1_oral_CCTATTAGTTACGGAG-1","Th17",4.39418631010231,1.08106264210152
"HC1_oral_TCAATCTTCCTCAATT-1","Treg",-1.95929450578515,-3.5804156389196
"HC1_oral_CATGGCGCAATAGCAA-1","Th1/Tem",-2.95819015092675,2.21648689842629
"HC1_oral_GACCAATAGAATGTGT-1","Th17",1.17810993604835,1.72826346493172
"HC1_oral_GAGCAGATCCGCGTTT-1","Treg",-2.17899567670647,-3.64228382968498
"HC1_oral_TTTGGTTCACGCATCG-1","Th17",0.901462368299327,1.83372398949074
"HC1_oral_TTCTCAATCCACGTTC-1","Cytotoxic",-5.30503267831627,-1.14084163569999
"HC1_oral_GAGGTGAGTAGCTTGT-1","Th17",3.08209066801246,1.17974528408456
"HC1_oral_AACTCCCTCGGAAATA-1","Th17",4.11206274442848,1.27806552982735
"HC1_oral_ACGGGTCAGACAGGCT-1","Th17",3.09776049070533,1.85539993381905
"HC1_oral_TAGCCGGTCTGCTGTC-1","Th17",4.3295324366587,-0.709028157230142
"HC1_oral_CACAGTAGTGTAACGG-1","Treg",-2.03232402391259,-4.04321852588249
"HC1_oral_TTTGGTTAGCACAGGT-1","Th17",4.4537852328318,1.98254689312386
"HC1_oral_GGTGCGTTCTTTCCTC-1","Treg",-1.45746357030694,-3.00495949649406
"HC1_oral_ACGTCAACATACGCTA-1","Treg",-2.40003419704262,-3.68237629794669
"HC1_oral_TTCTACATCTCGTATT-1","Treg",-1.7769163329107,-3.95215311908317
"HC1_oral_AGCTCCTTCCTTGCCA-1","Tcm",2.93816070966896,-4.19622651004386
"HC1_oral_GATCTAGAGTGGTAGC-1","Th17",3.39792709760841,2.69248041248726
"HC1_oral_GGCTCGAGTGTTTGTG-1","Treg",-1.90316147394005,-3.5307592477758
"HC1_oral_CCTCAGTGTAGTACCT-1","Th17",3.99390774183448,1.51782688236642
"HC1_oral_GCTGCTTTCGAACTGT-1","Th17",3.1440699618357,1.54239544010567
"HC1_oral_GCAGCCATCGGAATCT-1","Th17",4.1723173182505,1.76748689747262
"HC1_oral_CTCGAGGCATGCCCGA-1","Th17",2.95288353376564,-0.380496117110971
"HC1_oral_CCAGCGATCTCTGCTG-1","Tcm",3.37845783643898,-4.93908253573966
"HC1_oral_CGGGTCATCTGTCAAG-1","Tcm",3.58807926588233,-4.86480656528068
"HC1_oral_CTAAGACGTAATCACC-1","Th17",-2.07236141748253,-0.51947352552009
"HC1_oral_ACGCAGCAGAGGTAGA-1","Tcm",2.32623939924415,-3.67535153293205
"HC1_oral_AGGGATGCAATGGTCT-1","Cytotoxic",-4.25661856717888,0.0981250677149261
"HC1_oral_TGGCTGGTCGGTCCGA-1","Th17",3.92984610014137,1.75982507801461
"HC1_oral_TGACTTTTCCTTCAAT-1","Th17",1.41385441236671,0.894487557176825
"HC1_oral_GTCTTCGGTGTGACCC-1","Cytotoxic",-5.31685132570092,-0.214692982669595
"HC1_oral_TACGGGCTCGCTTGTC-1","Tcm",3.74204903059181,-3.90109578036857
"HC1_oral_CCACGGATCCGTACAA-1","Th17",4.59445505552467,0.641072330240485
"HC1_oral_CACCACTGTTGTGGAG-1","Treg",-1.91948635167901,-4.25088921451164
"HC1_oral_CGAGCACTCTCCAACC-1","Th17",3.5007594149607,-0.070172699924234
"HC1_oral_ATGCGATTCAGCTGGC-1","Th1/Tem",-3.15862343497101,1.72306224441933
"HC1_oral_TCTCTAACACGACTCG-1","Th17",3.80799370222267,2.50750574207711
"HC1_oral_ACCAGTACATGTCTCC-1","Th17",4.45749836378273,1.66172536945748
"HC1_oral_CGATTGACAGATGGCA-1","Th1/Tem",-2.92542401737992,3.0989867124598
"HC1_oral_CCGGTAGCACGTAAGG-1","Tcm",2.905265144636,-4.13774863147331
"HC1_oral_AGAATAGCAGGTCCAC-1","Th17",4.22606401853736,0.616118592385527
"HC1_oral_GTAGTCAGTAGAAGGA-1","Tcm",2.4187920611399,-3.81407252215934
"HC1_oral_GGACAAGTCACGACTA-1","Treg",-2.26916355676476,-3.58376112842155
"HC1_oral_CTGATCCTCAATCTCT-1","Th17",4.04837541990455,2.33811065292763
"HC1_oral_GGTGAAGCATAGACTC-1","Th17",3.97759514265235,-0.326302918430093
"HC1_oral_TCACAAGTCCTCAACC-1","Cytotoxic",-4.95330292768303,0.316162732605215
"HC1_oral_ATCTGCCAGATGTGTA-1","Th17",4.61149530821022,0.417046328250643
"HC1_oral_TGACAACAGGCTAGCA-1","Th17",2.64080505781349,2.72927006817269
"HC1_oral_GGCTGGTAGGAGCGAG-1","Th17",4.56328850202735,1.8199247989695
"HC1_oral_GGGATGACAATCGGTT-1","Th1/Tem",-1.9387404400808,2.47568639851021
"HC1_oral_TTCGAAGAGCCGGTAA-1","Th17",3.55847387724098,2.16884752846169
"HC1_oral_GGTGCGTGTCTAGAGG-1","NK-like",-4.40808076448266,2.86315783596444
"HC1_oral_CGCCAAGGTCTAACGT-1","Tcm",2.61990147047218,-3.66297808551383
"HC1_oral_CAGGTGCAGACGCACA-1","Th17",-0.0499515015584615,-0.686177405353311
"HC1_oral_GCACTCTTCATCGGAT-1","Cytotoxic",-4.03420633859459,0.117754158739325
"HC1_oral_CAAGTTGCACTATCTT-1","Th1/Tem",-2.16999191827599,2.1701604995768
"HC1_oral_GCATACAAGTACGCCC-1","Th17",-2.10831613130394,0.356971983973261
"HC1_oral_AGCTTGATCTTCCTTC-1","Tcm",2.36889772825416,-3.64889422320915
"HC1_oral_TACTTACAGCCCAATT-1","Th17",4.58631258421119,0.432634228084561
"HC1_oral_CTACATTAGGGCATGT-1","Th1/Tem",-3.29136610067908,3.24697336292672
"HC1_oral_ACGCCGAAGAAACCAT-1","Th1/Tem",-3.45292747802559,1.64949902630257
"HC1_oral_GCTTGAAAGTTTAGGA-1","Th17",4.12599687986549,0.156841960911032
"HC1_oral_GGGACCTGTCGGCTCA-1","Cytotoxic",-4.65710873193566,-0.789407881732706
"HC1_oral_ATTGGTGCAAGGTTCT-1","Tcm",3.19039946012672,-4.382066163059
"HC1_oral_TCTGAGAGTTACGGAG-1","Th1/Tem",-3.56578005142037,2.80225905514168
"HC1_oral_ATCATGGTCGAACTGT-1","Th17",3.96277790479835,1.33036300278115
"HC1_oral_GTCAAGTGTCCGAAGA-1","Th17",3.30796604566749,-2.53917399310661
"HC1_oral_AAATGCCTCTCCAACC-1","Th1/Tem",-3.42823802716557,2.80551108456063
"HC1_oral_AACTCTTTCCTCTAGC-1","Th17",0.248156360914073,0.686162931088683
"HC1_oral_TTCTCCTCACCACCAG-1","Tcm",3.39955645017799,-4.82872000598502
"HC1_oral_ATTATCCGTTCAGGCC-1","Th1/Tem",-3.52309516854111,2.90831622219491
"HC1_oral_ATTCTACGTCAGATAA-1","Th17",1.13081150465187,1.56227954960274
"HC1_oral_GGACAAGAGGAATCGC-1","Th17",2.98030500822242,-0.101172062392954
"HC1_oral_CAGGTGCCACTCGACG-1","Th1/Tem",-2.51129002160851,2.07803675270486
"HC1_oral_TGACGGCGTCTCTTTA-1","Th1/Tem",-3.39806998557869,2.77519926166939
"HC1_oral_CTAGCCTGTAGTAGTA-1","Th17",4.3707225840586,2.03891917801308
"HC1_oral_AGTGTCAGTGGTGTAG-1","Th17",-0.225837178896108,0.689344641927954
"HC1_oral_GATCGATCAGTCGTGC-1","Th17",-2.07885868139092,0.110794899229285
"HC1_oral_AAAGATGTCAACGCTA-1","Th1/Tem",-3.47355622834984,3.03022703266549
"HC1_oral_TGAGCCGCACGCTTTC-1","Th17",3.88003473692115,-1.58253613376212
"HC1_oral_CTGGTCTGTAAACACA-1","Th17",2.89348154478248,0.325236228470084
"HC1_oral_CATGACAAGCTCCTTC-1","Th17",-1.9813624102575,-0.621182354923013
"HC1_oral_CGTTGGGGTAGCGTGA-1","Th17",3.63561897688087,0.59359141922402
"HC1_oral_TTAGTTCTCGTAGGAG-1","Th17",3.4141500514048,2.44147428608346
"HC1_oral_CGAACATGTCATCCCT-1","Th17",4.33817701749977,0.368070979778048
"HC1_oral_CCTCAGTAGTAGGCCA-1","Th1/Tem",-2.98782064802472,2.20569261646676
"HC1_oral_TCTGGAACAGCCTGTG-1","Treg",-2.41784656829659,-3.50071516894889
"HC1_oral_ATCCACCCAAGTTAAG-1","Th17",3.77256374769386,0.736081627372977
"HC1_oral_TGGGCGTTCTGAAAGA-1","Tcm",2.57126980238136,-3.68764820956779
"HC1_oral_ATGTGTGTCAATACCG-1","Th17",-0.183848567674795,1.63106199837136
"HC1_oral_CAAGATCCATCCGCGA-1","Th17",4.47857313566383,1.35910460091042
"HC1_oral_GTTCTCGAGACTGTAA-1","Th17",2.71521549635108,0.947773960594412
"HC1_oral_AAGGTTCCATCAGTCA-1","Tcm",3.00079040937599,-3.93390313052726
"HC1_oral_ACATCAGCAGCTATTG-1","Tcm",2.75754242353614,-3.77287188434196
"HC1_oral_GGCGACTTCACCAGGC-1","Th17",2.87517624311622,2.1363322410624
"HC1_oral_TGCGGGTAGCAGGCTA-1","Cytotoxic",-5.0084403235418,-1.07282951736045
"HC1_oral_CGCTATCGTCAATGTC-1","Th17",4.63116865568336,0.758363393310782
"HC1_oral_TATCAGGGTTTAAGCC-1","Th17",2.69273548536476,1.95440646744179
"HC1_oral_ATCCACCAGCTAAGAT-1","Th17",4.3179038088816,0.83572998381066
"HC1_oral_TTGGCAAAGGTGGGTT-1","Tcm",3.14642601423439,-4.64601603412223
"HC1_oral_ATTACTCAGTGTACTC-1","Th1/Tem",-3.35334191508118,3.11671718693185
"HC1_oral_TTCCCAGAGCGCTTAT-1","Th17",4.14465694837745,2.3321045312922
"HC1_oral_CTCGAAACATTGCGGC-1","Th17",-0.384609409044423,-1.72611084842277
"HC1_oral_ATGAGGGAGTTTGCGT-1","Th17",1.19179087095436,0.972318855289694
"HC1_oral_CCGTGGAGTGGTAACG-1","Cytotoxic",-3.58167944140259,0.294357610110518
"HC1_oral_CATTCGCCAGGTTTCA-1","Th17",3.20869379453834,-2.70614758395744
"HC1_oral_ATCCACCTCCGTCAAA-1","Th17",1.82836180143531,2.73010930157113
"HC1_oral_GTAACGTAGATCACGG-1","Th17",3.22958689146217,-0.80569783114982
"HC1_oral_CGGACACCACAACGCC-1","Th17",3.58460932188209,-1.08414569758964
"HC1_oral_TACTCATTCTCTTGAT-1","Th17",3.80009823255714,-1.56948772334648
"HC1_oral_TGCGGGTGTACTTGAC-1","Th17",3.48921375684913,1.50590988731789
"HC1_oral_CAGCGACCAACCGCCA-1","Th17",2.92680960111793,-0.148245367046121
"HC1_oral_AGACGTTTCCTATGTT-1","Treg",-2.42732793874566,-3.45210734271598
"HC1_oral_CAGTCCTAGCTGAAAT-1","Tcm",2.78495769910987,-4.5080861177404
"HC1_oral_CGGACGTAGACCACGA-1","Th17",2.17046528272804,0.855690685276266
"HC1_oral_CCGGTAGTCTTTACAC-1","Th17",3.92397766523536,-1.02298262977195
"HC1_oral_AGCGTCGCAAGGGTCA-1","Th17",3.62685661726173,1.3515137109797
"HC1_oral_GCAATCACACGTAAGG-1","Th17",3.8051994364756,-0.978044780727152
"HC1_oral_ATTTCTGTCACTCCTG-1","Th17",-3.56199119276825,1.17533513641762
"HC1_oral_ATTGGACAGATAGGAG-1","Th1/Tem",-3.20293626505409,1.98404332733559
"HC1_oral_GCGGGTTCACGTGAGA-1","Tcm",3.16290741377052,-4.08175364398551
"HC1_oral_TACTTGTCAGCTGTGC-1","Cytotoxic",-6.05063147134606,-0.950174960132364
"HC1_oral_GGTGAAGGTGAGCGAT-1","Th17",1.90329389982398,1.25101491547036
"HC1_oral_TGGTTAGCAACACCCG-1","Th17",3.8341916125315,-0.752878102298502
"HC1_oral_ACATCAGCAAAGTGCG-1","Th17",1.43662815504249,1.67459603882241
"HC1_oral_TCTGGAATCGCCAAAT-1","Th17",4.32010250501808,1.83175262546944
"HC1_oral_ACTGTCCAGGTTACCT-1","Th17",3.00552874021705,-3.26991048717094
"HC1_oral_GCTTGAAAGATCTGAA-1","Th17",4.61197929792579,0.130857405428168
"HC1_oral_ACTGTCCTCGCCAGCA-1","Th1/Tem",-3.29288300163571,2.86970743275094
"HC1_oral_GCGCAACCATCGGACC-1","Tcm",3.32219295911964,-3.43547335528922
"HC1_oral_TACTTGTAGAATCTCC-1","Th17",1.6984518092173,0.154435393575903
"HC1_oral_CCGTACTCATCGGTTA-1","Th17",3.66632681303199,1.02613183594155
"HC1_oral_TTCGGTCAGCAACGGT-1","Th17",3.2365901988047,2.57000645733285
"HC1_oral_TCAGCTCAGTCCTCCT-1","Th17",4.47178440504249,0.653804672126051
"HC1_oral_ACTGCTCGTCATACTG-1","Th17",3.81427126341041,-0.586217674251321
"HC1_oral_ACTTTCACACATTTCT-1","Th1/Tem",-0.653515763948598,2.56209668255257
"HC1_oral_AAGCCGCCAAGTAGTA-1","Th17",2.5672205012339,1.20426931715417
"HC1_oral_ACTGAACAGATATACG-1","Tcm",2.63489656858619,-3.72932043933463
"HC1_oral_CACCAGGCAGTCAGAG-1","Th17",4.30238562040504,2.181778875355
"HC1_oral_TACGGGCCATCCTTGC-1","Cytotoxic",-4.63478977269951,-1.02443185710502
"HC1_oral_GATGAAATCTTGCAAG-1","Th17",2.19125156812843,2.42957207298684
"HC1_oral_AGAGCTTGTGTGTGCC-1","Th17",3.1730440180796,-1.80052224063468
"HC1_oral_GCAATCAAGTGACTCT-1","Th17",3.15357714109596,-1.41673353576255
"HC1_oral_TCGCGTTGTTATTCTC-1","Treg",-1.3814221102697,-3.2122971143682
"HC1_oral_GTGTGCGCACTAAGTC-1","Th17",4.27594690733131,1.6442998323481
"HC1_oral_GTAGGCCGTAAAGGAG-1","Th17",3.1160953562754,0.816715744499442
"HC1_oral_CTCGTCATCCCTGACT-1","Treg",-1.16364616937462,-4.09880963229728
"HC1_oral_CGGAGCTAGAAGGTTT-1","Th17",4.1663563769358,1.1940652403872
"HC1_oral_AGCTTGAGTGCACCAC-1","Th17",1.01074390821632,-1.58008709811759
"HC1_oral_CTCGAGGGTTCCACTC-1","Treg",-2.35534358806435,-3.53223982715202
"HC1_oral_TCTGAGATCGCCAAAT-1","Th1/Tem",-3.39725913889233,3.15097960567879
"HC1_oral_GCATGTAAGCTGCAAG-1","Th17",4.31980877332862,-0.737965020175699
"HC1_oral_CGACCTTGTACCGTTA-1","Th1/Tem",-2.44637966937844,1.73324367142129
"HC1_oral_CATGCCTGTGCGAAAC-1","Treg",-1.41634804792229,-3.37990227603507
"HC1_oral_CTGAAGTGTCTTCGTC-1","Th17",3.17456989698585,-0.141361388202432
"HC1_oral_CGCGTTTTCTTAGAGC-1","NK-like",-4.5803921896917,2.99126943684029
"HC1_oral_CGTCAGGAGGCGTACA-1","NK-like",-4.96559924669091,3.60136326885628
"HC1_oral_ATCGAGTCACATCCAA-1","Th17",3.29899864607032,1.57016393280434
"HC1_oral_GACTAACGTGACGCCT-1","Tcm",2.71630459242042,-3.63159933948112
"HC1_oral_CGGAGTCGTAAATGAC-1","Th17",4.41326170377906,-0.977411898608926
"HC1_oral_GGCGACTCAATTGCTG-1","NK-like",-4.76404947824303,2.9223338041346
"HC1_oral_CCTACACCACATTTCT-1","Cytotoxic",-5.07924861497704,-1.17415133380485
"HC1_oral_GAACGGAGTTAAAGTG-1","Tcm",2.85880022459205,-4.30860653781486
"HC1_oral_CAGCCGACAATCGGTT-1","Th17",1.52977257185157,0.33768073952603
"HC1_oral_TGGCTGGTCATTTGGG-1","Tcm",2.32988481931861,-3.7265633668859
"HC1_oral_CGTCACTGTACAAGTA-1","Th17",0.64502101354774,-1.13494029903007
"HC1_oral_GATCGTAGTGACCAAG-1","Th1/Tem",-2.59716457910363,1.8366211328547
"HC1_oral_CGATGGCCAATGTAAG-1","Th17",1.10475187711891,1.39546265936303
"HC1_oral_CTCACACGTTCCGGCA-1","Tcm",3.24974232130226,-4.27759877109123
"HC1_oral_AGCCTAACACCTCGGA-1","Th17",3.25044041090187,1.73879322147774
"HC1_oral_CCACCTACATGTTGAC-1","Th1/Tem",-3.22280739191447,1.90976342297005
"HC1_oral_ACGAGGAAGCGTGAAC-1","Th17",2.2261970561045,0.143044647936102
"HC1_oral_GCGCAACAGATCACGG-1","Th1/Tem",-3.44600237197701,2.64502843952584
"HC1_oral_GGAACTTGTCTGGTCG-1","Th1/Tem",-2.92980132288758,2.95601853466439
"HC1_oral_CGATTGAAGTCCCACG-1","Th17",1.5731061022776,3.00106128788399
"HC1_oral_CAGCCGAAGCTGAAAT-1","Tcm",2.66318684034523,-3.6516236391027
"HC1_oral_GATCGTATCGTAGGAG-1","Tcm",2.73044376783546,-3.56837359332633
"HC1_oral_CTCGTCATCGTGGGAA-1","Th17",2.28997497968849,-0.790809186931375
"HC1_oral_CAGCATAGTTCACCTC-1","Treg",-1.56225568837945,-4.29515496158195
"HC1_oral_CTCGAGGAGCCTATGT-1","Th1/Tem",-3.57722900099579,2.99242147541451
"HC1_oral_TTTGCGCTCTTGTCAT-1","Th17",3.27322988920387,0.25186730659413
"HC1_oral_ACACTGAAGGGAGTAA-1","Th17",3.55824261121925,0.0503451201956238
"HC1_oral_TACTTGTAGAATGTGT-1","Th17",2.38030367307838,-0.0924472537000214
"HC1_oral_TAAACCGCACTTAACG-1","Th17",2.05482893400367,-1.12403145694328
"HC1_oral_GTCATTTTCCACGTGG-1","Th17",2.24240808897193,2.53349908924508
"HC1_oral_GCAATCACAACTGGCC-1","Th17",1.1068933527964,2.65776380634713
"HC1_oral_TTCTACAAGATATGCA-1","Th1/Tem",-3.45984794981305,1.7374179039042
"HC1_oral_GTGCTTCTCACCATAG-1","Th17",-0.143479295442739,2.16362711525368
"HC1_oral_GCAGTTAAGCCAACAG-1","Th17",1.38430862837013,-0.736143144603494
"HC1_oral_ATCATGGCAATAGCAA-1","Th17",1.72682362013038,-0.520299884315256
"HC1_oral_CTTGGCTGTGTTCGAT-1","Th17",1.67527943067726,0.0493069860975708
"HC1_oral_GTTCTCGTCTGCAAGT-1","Th17",3.50917129926856,1.54327556229043
"HC1_oral_CGTTCTGGTCTTCAAG-1","Th17",0.781254343320689,1.4557725462954
"HC1_oral_ACGCCAGCACGGCTAC-1","Th17",2.03170566969093,1.71857139206338
"HC1_oral_CTAGAGTTCTTCAACT-1","Cytotoxic",-4.72496623582665,-0.448439690109018
"HC1_oral_ATGAGGGGTTCGAATC-1","Th17",3.86178808622535,2.51197823620247
"HC1_oral_CGGACGTGTCACAAGG-1","Th17",0.268999628354869,1.86381467914986
"HC1_oral_ACTGAACGTTATGTGC-1","Th17",1.05609207563575,1.73026451206612
"HC1_oral_GATTCAGTCAGTACGT-1","Th17",0.298789076139292,2.05222698784279
"HC1_oral_GACGCGTGTCGTGGCT-1","Th17",4.59772329740699,1.96150561905312
"HC1_oral_GAATGAAGTAATCACC-1","Th17",2.94943552427467,2.59445175266671
"HC1_oral_CTGCCTACACACTGCG-1","Th17",3.31474380903419,-2.91892329120231
"HC1_oral_TGTGGTAGTTACGACT-1","Th17",1.03273659162696,1.16205349302697
"HC1_oral_CTCTGGTCAAGTAGTA-1","Th17",-0.966488071153798,-1.02598920726371
"HC1_oral_CTAATGGTCCACTCCA-1","Th17",2.43543081693824,1.64610287285256
"HC1_oral_CTGTGCTAGACTGTAA-1","Th17",2.19484024458106,-1.75570932292533
"HC1_oral_TATCTCATCGCAAGCC-1","Th17",3.07215528898414,-3.8104633417089
"HC1_oral_CTCTGGTAGAGAGCTC-1","Th17",3.11493473463233,1.76827797031808
"HC1_oral_GTAGTCAGTCTCCCTA-1","Th17",3.16079168729957,0.527652711782929
"HC1_oral_TTGCGTCCACACATGT-1","Th17",-0.535333104799428,2.6075271043818
"HC1_oral_TTTCCTCCACGTCAGC-1","Tcm",3.20858412199195,-4.81450739764762
"HC1_oral_GATCTAGCAATAGAGT-1","Th17",3.85277300291236,2.27211269474435
"HC1_oral_GGACGTCTCAGTTTGG-1","Th17",4.20846968107398,1.95228239632058
"HC1_oral_CCATGTCGTAATCACC-1","NK-like",-4.81350524015252,2.48464879131722
"HC1_oral_CCTCTGAGTGCCTGGT-1","Th17",0.0470099967020365,-1.41116991900993
"HC1_oral_GCATGCGGTGGTTTCA-1","Th17",4.09496193342384,-0.371014567847971
"HC1_oral_TGAGCCGGTGCTTCTC-1","Tcm",3.46780805998023,-3.85456457995963
"HC1_oral_TGACGGCAGACTAAGT-1","Th17",4.5328057330149,0.131111768249747
"HC1_oral_GAATAAGCAAGTCTGT-1","Th17",4.13199882917579,2.2432121906321
"HC1_oral_CAGTAACCAGTCACTA-1","Cytotoxic",-5.27152175493065,-0.64605370425773
"HC1_oral_TGGTTAGGTTCAGGCC-1","Th17",-0.330704875658193,2.54537877178597
"HC1_oral_GAAGCAGCATTACGAC-1","Th17",2.6242273371714,0.985197630886313
"HC1_oral_CAAGTTGGTCTAAACC-1","Th17",4.22788172178443,-0.677607330318216
"HC1_oral_CTTAACTTCTGACCTC-1","Tcm",3.56407099180397,-3.94562760257316
"HC1_oral_GGGATGACACGTAAGG-1","Tcm",3.00449781828102,-3.33512798213554
"HC1_oral_CGGAGTCCACCGAATT-1","Th17",1.07514744215187,1.08302935696053
"HC1_oral_CGTCCATGTGAACCTT-1","Th1/Tem",-3.33073224909131,3.04357537365365
"HC1_oral_TTCTCAAGTGGTGTAG-1","Cytotoxic",-4.87159390039269,-0.569927724834207
"HC1_oral_CGGGTCATCATTGCGA-1","Tcm",3.46109562330421,-3.08546462916923
"HC1_oral_TATCTCAGTCCGAACC-1","Th17",3.01115351133522,0.0374299857656921
"HC1_oral_CGGTTAACATTTCAGG-1","Th17",2.03862696104225,0.952538368467566
"HC1_oral_AGCGTATCACAGTCGC-1","Th17",0.79004841261085,1.8147236976664
"HC1_oral_GGACAAGCAAAGCGGT-1","Cytotoxic",-5.37987083978478,0.401286130015131
"HC1_oral_GTGCAGCGTCCGAGTC-1","Th17",-0.0997952897054342,1.82997533417153
"HC1_oral_TTAACTCAGATCCTGT-1","Th17",2.58239632063087,1.1575467858355
"HC1_oral_CTGTTTATCTCGGACG-1","Th17",2.51991062574562,0.430883729074475
"HC1_oral_AGCGTATGTGATGATA-1","Tcm",2.83382444791969,-3.90443030261588
"HC1_oral_ACGAGGAAGGCGCTCT-1","Tcm",2.63455849104103,-3.98895827197624
"HC1_oral_AACTTTCCAGCGATCC-1","Tcm",3.33804636411842,-3.13497224711967
"HC1_oral_CTAATGGTCTTGCAAG-1","Tcm",3.86756973676856,-3.64946452045036
"HC1_oral_CTTCTCTCAAACCCAT-1","Th17",3.78579788618263,0.599734050397154
"HC1_oral_GTCCTCAGTAAACCTC-1","Th17",3.03800373487648,0.0708867583315338
"HC1_oral_TGAGCATCATTAGGCT-1","Th17",2.44829731397804,2.66936930752206
"HC1_oral_GTGCTTCGTGGTCCGT-1","Th1/Tem",-3.58798814601723,2.98622783756661
"HC1_oral_GTGCTTCAGCCACGCT-1","Th17",-0.384263463686147,2.47204145527291
"HC1_oral_AGCTTGAAGCTAGTCT-1","Th17",4.11061077528175,-0.862561496730569
"HC1_oral_GCGCCAACAGTACACT-1","Th1/Tem",-1.07032055444542,1.56810161209511
"HC1_oral_ACGCCAGAGGCTAGAC-1","Cytotoxic",-5.55200547761742,-0.501244517799142
"HC1_oral_ATCCACCTCGGCTACG-1","Th17",0.937903217603526,2.61760362720894
"HC1_oral_TCGGGACCATGTTGAC-1","Th17",1.46201830320533,-1.00290718936515
"HC1_oral_AGGTCATTCGCAAGCC-1","Th1/Tem",-2.9187950570089,2.6845158014338
"HC1_oral_TAGCCGGTCTCTAGGA-1","Th17",4.41444139890846,1.6853258285563
"HC1_oral_ATCTGCCAGCTGAAAT-1","Th1/Tem",-0.664877362917104,2.04786023235726
"HC1_oral_TACCTATTCGCACTCT-1","Tcm",3.49956541471656,-4.14838353061271
"HC1_oral_TGACAACCAGTGGGAT-1","Th1/Tem",-1.02116078920189,2.10266110039162
"HC1_oral_CGTCCATTCTCGATGA-1","Th1/Tem",-2.14343673772637,1.81366070843148
"HC1_oral_TACGGGCGTTGCTCCT-1","Th17",2.90397243910011,2.409149137501
"HC1_oral_GAAATGACAGCCTTGG-1","Th17",2.22479229383644,2.46569987869668
"HC1_oral_AGATTGCGTAGAAGGA-1","Th17",3.77833681516822,-0.535224946971658
"HC1_oral_GGTGCGTCAGATCCAT-1","Tcm",3.08432226591285,-4.51008835696769
"HC1_oral_TTGAACGAGCTTTGGT-1","Th1/Tem",-1.29325480050866,2.40456530189919
"HC1_oral_TACTTGTCACCAGGTC-1","Th17",3.14181929044898,0.667096478108641
"HC1_oral_CAAGATCCATTTGCCC-1","Th17",4.02641468458351,1.57917579746651
"HC1_oral_GGGAGATAGCTAAGAT-1","Th1/Tem",-3.3790123093826,2.44701334572243
"HC1_oral_TACCTTAAGTGGAGTC-1","Th17",4.10148840360816,-1.02054372691703
"HC1_oral_CGGTTAAAGCGTGTCC-1","Th17",1.98534088545021,0.525804494683024
"HC1_oral_GTGCGGTTCAAGAAGT-1","Th17",1.20922594480689,1.11090668774056
"HC1_oral_CTCATTATCCCAAGTA-1","Th17",1.77635984831031,2.24125763512063
"HC1_oral_CACACCTAGCACGCCT-1","Th17",0.540211252500376,-1.43159428500724
"HC1_oral_CTGAAACGTCCGTCAG-1","Th17",2.19094543867286,1.3238145384829
"HC1_oral_GGGAGATTCTCACATT-1","Cytotoxic",-5.352862306307,-1.09589150809837
"HC1_oral_AGTTGGTGTTGTGGCC-1","Th17",1.35750608854469,0.899813053373572
"HC1_oral_CTTGGCTAGGGTTTCT-1","Cytotoxic",-5.56744451112572,-0.992410692210916
"HC1_oral_GTCGGGTCAATGCCAT-1","Tcm",3.26988869123634,-4.74627295398307
"HC1_oral_AAGGCAGCACAGAGGT-1","Th17",2.45166712217506,0.429615424190041
"HC1_oral_GTCCTCATCCCTGACT-1","Tcm",3.74215393476661,-4.43096438312126
"HC1_oral_TAGACCACACGGTTTA-1","Th17",0.834003738691172,-0.603703650470499
"HC1_oral_GGCGACTGTATGAATG-1","Th17",2.58954315595802,-0.230264338489298
"HC1_oral_CAGTAACGTCAAGCGA-1","Th17",1.85391216688331,1.60883208847451
"HC1_oral_TGGCCAGGTGTATGGG-1","Th17",3.7452981989878,-1.6000153150518
"HC1_oral_AGAGCTTTCCTTTCGG-1","Th17",-1.59148401803795,-2.90048709773612
"HC1_oral_GGCCGATTCAACCATG-1","Th17",1.21499090604957,-0.800260933871988
"HC1_oral_GCAGTTACATACCATG-1","Th17",2.49135570936378,2.59391197300362
"HC1_oral_GTCCTCAAGTGTACTC-1","Th17",0.49985008650001,-0.678042682643655
"HC1_oral_CGTGTCTCATTTGCTT-1","Th1/Tem",-2.64292252845589,1.92358502483773
"HC1_oral_TGCACCTTCCAAACTG-1","Th17",1.40530090742286,1.22634526825356
"HC1_oral_AGCTCTCGTTTAGCTG-1","Cytotoxic",-5.33482689447228,0.482770984236475
"HC1_oral_CTCGTACGTTGGAGGT-1","Th17",3.29674368314918,0.388894525532004
"HC1_oral_GGACGTCCACACGCTG-1","Th17",3.83577232771095,-0.070827099319223
"HC1_oral_TGGTTAGCAATGAATG-1","Th1/Tem",3.09070139341529,-3.82259550952506
"HC1_oral_GACCAATTCGTCGTTC-1","Th1/Tem",-3.53115386552636,3.10658415890145
"HC1_oral_AACACGTAGTCCAGGA-1","Th17",1.27604275160011,2.83544525242257
"HC1_oral_GACTACAAGATGTGGC-1","Th17",4.21893482618507,-0.6165712203939
"HC1_oral_CACACAAAGAGTGACC-1","Th1/Tem",-3.60270915217225,1.8674592647593
"HC1_oral_CAGCTAATCCGTACAA-1","Tcm",3.69915991239723,-4.29572525882316
"HC1_oral_CAGCCGAAGGTCGGAT-1","Tcm",3.36036663465675,-4.45529023074699
"HC1_oral_ACTGATGTCGCTTGTC-1","Th1/Tem",-2.22268176860634,1.22451331949639
"HC1_oral_CCACGGACACCAGGCT-1","Tcm",3.15334921293434,-2.9032105531652
"HC1_oral_AGGCCGTAGAAACCGC-1","Th17",1.53902702741798,0.644761291507956
"HC1_oral_TCGGGACGTAACGACG-1","Tcm",3.73436336927589,-4.13805142306876
"HC1_oral_CATCCACTCATTTGGG-1","Cytotoxic",-5.75269693918053,-0.857440861697916
"HC1_oral_CGTTGGGAGGGAGTAA-1","Th17",0.996959499646983,-1.39993790053916
"HC1_oral_CGAGAAGTCCCAAGTA-1","Th17",1.46663599424537,-1.132146033283
"HC1_oral_GTAGTCAAGTGACATA-1","Th17",2.97912531309303,2.11805066204476
"HC1_oral_GGACGTCTCCGTTGCT-1","Th17",4.14570265226539,-1.19251445197654
"HC1_oral_TGTTCCGCAAGAAAGG-1","Cytotoxic",-5.22230143136803,-0.809606346126321
"HC1_oral_TAAGTGCCACGAGAGT-1","Th17",3.1884453814524,0.896135804418799
"HC1_oral_GACGCGTAGTCGTTTG-1","Th17",3.48854237013038,-2.108224781986
"HC1_oral_TATTACCAGCCAGAAC-1","Cytotoxic",-5.60241980142418,-1.4335581388433
"HC1_oral_AGCGTCGCAATGGTCT-1","Th17",2.90427666120704,1.16015240288186
"HC1_oral_GCGCAACTCTACCTGC-1","Tcm",3.24279432707008,-3.54428807162834
"HC1_oral_AGGGAGTGTACTCTCC-1","Th17",2.2236016314524,-1.28865519427848
"HC1_oral_TGGTTAGCACTAGTAC-1","Th17",-1.88510174341027,-0.694959434505228
"HC1_oral_GATCGTAGTTCACCTC-1","Th17",3.98830013685401,-1.10283795260978
"HC1_oral_CCTACACAGGTAAACT-1","Tcm",3.21808271818336,-4.40666380786491
"HC1_oral_CACCTTGCAAACTGCT-1","Th17",2.60010509901222,0.513311756018874
"HC1_oral_CTCGTACGTTGTGGCC-1","Th1/Tem",-1.61142522878472,2.26048490143227
"HC1_oral_GACTACAGTTGGACCC-1","NK-like",-4.69451660699669,2.45197745895791
"HC1_oral_TACCTATCATTCTCAT-1","Th17",2.40225868635353,-1.5136157598455
"HC1_oral_GGACAGAAGTCTTGCA-1","Th17",3.36670284681495,-2.98101702594352
"HC1_oral_ACCTTTACAGTATGCT-1","Th17",3.71248178892311,2.39353748894143
"HC1_oral_CCCAATCCACATCCGG-1","Th17",4.37307529859718,0.330026832584616
"HC1_oral_AGTGAGGGTCGACTAT-1","Th17",3.98321085386451,0.525889066223379
"HC1_oral_GAAATGAAGAGACTTA-1","Cytotoxic",-6.01040691919152,-0.864910158153299
"HC1_oral_CAACCAAAGTGATCGG-1","Cytotoxic",-5.2659060437185,-1.66839042567802
"HC1_oral_CGGTTAATCTGTCTAT-1","Treg",-2.30850089378182,-4.09101620578361
"HC1_oral_ATCACGATCGGCATCG-1","Cytotoxic",-5.66593927926842,-1.17168489360404
"HC1_oral_CAGGTGCGTGTGCCTG-1","Th17",2.51129990034278,0.189794865612265
"HC1_oral_AGCTCCTCAATGAAAC-1","Treg",-1.4012249190313,-3.24648300075126
"HC1_oral_GACGTGCAGACACTAA-1","Th17",1.92573481016334,2.77207860088753
"HC1_oral_GCTGCTTCATCACAAC-1","Th17",0.257794193555674,-1.78223982715202
"HC1_oral_GCTTGAACATACAGCT-1","Th1/Tem",-2.96292316205327,0.351886172954317
"HC1_oral_GTCCTCAGTCAGATAA-1","Th17",0.41327314787086,1.89269336796212
"HC1_oral_GTTACAGAGCCACGCT-1","Th17",2.31013851576026,-0.259819003577951
"HC1_oral_CGACTTCTCCGAGCCA-1","Th17",4.69391136579689,0.476671582263287
"HC1_oral_ATAACGCTCCTCGCAT-1","Tcm",3.20974808149513,-4.23624077701164
"HC1_oral_CGTAGCGGTGAAAGAG-1","Th17",0.73181562833961,2.21900519466805
"HC1_oral_AGCTCTCGTTGTTTGG-1","Th17",3.32122307233985,1.33944377041268
"HC1_oral_GTGCGGTGTATGAAAC-1","Th1/Tem",-3.50738287753884,1.21939798927712
"HC1_oral_ATTGGACCACCAGATT-1","Th1/Tem",-3.15520764924113,2.12398549652505
"HC1_oral_TGACTAGGTTCCCGAG-1","NK-like",-4.85460371560875,2.93268736935067
"HC1_oral_GGGTTGCAGTGAATTG-1","Th17",0.0457063239115092,-1.34838941955161
"HC1_oral_TAAACCGAGACAAGCC-1","Th17",0.679621033002696,-1.04050222301078
"HC1_oral_TTGTAGGAGGACACCA-1","Tcm",2.79636412077125,-4.20631400012565
"HC1_oral_TGCCCATTCTAAGCCA-1","Treg",-1.88584143705193,-4.20829287433219
"HC1_oral_CACATAGCAGCGTAAG-1","Th17",4.40360145979103,2.09318646526742
"HC1_oral_AACGTTGAGCTGAAAT-1","NK-like",-5.16455359048668,2.82982787228036
"HC1_oral_TGGCGCACATTCCTCG-1","Th17",4.51812153272804,0.899118480448004
"HC1_oral_CAGTCCTAGTAGCCGA-1","Tcm",3.34785299711402,-3.68318787478996
"HC1_oral_GTATCTTCACAAGTAA-1","Th17",3.14810018949684,-3.03892317676139
"HC1_oral_TGGGAAGCAAAGCAAT-1","Th17",3.99063663892921,-0.69723311328483
"HC1_oral_GCAGCCATCTCCAGGG-1","Th17",-0.203642078111806,-1.37047103309226
"HC1_oral_ATAACGCTCGTCTGCT-1","Th17",1.88116913252052,0.963802692655798
"HC1_oral_ACTATCTGTCCCTACT-1","Th17",1.54825239591773,2.61788281536507
"HC1_oral_GGATGTTGTCGGCTCA-1","Th1/Tem",-1.93030018396203,1.40474071836877
"HC1_oral_GTGGGTCCATAGAAAC-1","Treg",-2.35419101304833,-2.70376768970085
"HC1_oral_CAAGTTGGTGAGTGAC-1","Th17",3.21368055753883,1.95155510044503
"HC1_oral_TGAGCATCAAGCCGCT-1","Th17",3.19435434751686,2.42388209438729
"HC1_oral_CATTCGCAGGGAGTAA-1","Th1/Tem",-1.94227559156243,1.78111764526772
"HC1_oral_CTGAAACTCGTCTGCT-1","Th17",3.13247423582252,1.13155731296944
"HC1_oral_TGGACGCAGAAGGACA-1","NK-like",-4.99590391702477,2.51790699100899
"HC1_oral_GTGCGGTAGGAGTCTG-1","Tcm",3.48692493848976,-4.41505757236076
"HC1_oral_TGGCGCAAGTGTACTC-1","Cytotoxic",-5.60938949174706,-0.371495219703439
"HC1_oral_ACGATACCACATAACC-1","Th17",-0.951886363695302,0.715239403013464
"HC1_oral_CGGGTCAGTTACGTCA-1","Tcm",3.55467825346168,-3.66624680423332
"HC1_oral_GATCTAGAGGCAGGTT-1","Cytotoxic",-5.83739943094079,-0.33243122958732
"HC1_oral_TCATTTGCAGCGAACA-1","Tcm",3.37191801481422,-3.89919606113029
"HC1_oral_GTCGGGTTCTCTGCTG-1","Th17",2.23547296934303,0.907785979274985
"HC1_oral_TTTCCTCTCTGCGACG-1","Th17",2.18385153227027,0.692671296362158
"HC1_oral_TTAGGACCAGGGAGAG-1","Tcm",3.4864509623545,-4.82139817142082
"HC1_oral_CATCCACGTCCGAGTC-1","Th1/Tem",-3.62022621221367,2.90142878628182
"HC1_oral_CGCGTTTGTTATGTGC-1","Th17",1.97685890608009,1.37728991842675
"HC1_oral_CACCACTCACAAGACG-1","Th17",2.33815937452491,2.33241292572426
"HC1_oral_CAAGTTGTCTTGTCAT-1","Th17",-1.24215573854271,-0.0778535332639252
"HC1_oral_AGGGATGAGATAGGAG-1","Cytotoxic",-5.35890287942711,-0.82048431300712
"HC1_oral_AGGCCGTAGGCCCTTG-1","Tcm",3.7983463328379,-4.41763296985221
"HC1_oral_AAGGTTCAGTGCGTGA-1","NK-like",-4.87737507409874,2.62216242885995
"HC1_oral_AAGGTTCGTCTTCGTC-1","Th1/Tem",-1.01638717241112,2.02915987110543
"HC1_oral_ACGGCCAAGTCCATAC-1","Th1/Tem",-2.45778650827233,1.96162232494759
"HC1_oral_GTGCGGTAGGACATTA-1","Th17",3.89055519514259,2.00281318760323
"HC1_oral_AGGGATGCAGAGTGTG-1","Th1/Tem",-2.28362918681923,-0.215858789916757
"HC1_oral_TGATTTCAGTGCCAGA-1","Cytotoxic",-4.55970675535027,0.301840019587752
"HC1_oral_GTTAAGCGTGGGTCAA-1","Th1/Tem",-2.93826941437546,1.90707322693276
"HC1_oral_CGCTGGAGTCGCATAT-1","Th1/Tem",-1.24360901899163,2.45310982799935
"HC1_oral_TCGTACCTCCCTCTTT-1","Th17",1.6166418116587,0.138941344980475
"HC1_oral_GCCAAATAGCTAGCCC-1","Th1/Tem",-1.91876501626793,-4.39528599643302
"HC1_oral_GCGCAACGTATGGTTC-1","Th1/Tem",-0.602019496629873,1.88498350716042
"HC1_oral_CAGAATCTCGTGGGAA-1","Cytotoxic",-5.82897610254113,-0.945786866184
"HC1_oral_CGTTAGAGTCTCACCT-1","Th17",-1.08332032747094,-0.688804182048563
"HC1_oral_CAGTAACCAATACGCT-1","Th17",3.8053420107859,2.32608398533272
"HC1_oral_CGAGCCACACGTTGGC-1","Th17",1.72807865553077,-0.960963520045999
"HC1_oral_CCGTACTTCCAAACAC-1","Th17",1.54697924070533,3.05454477405953
"HC1_oral_AAGGAGCTCTGTACGA-1","Cytotoxic",-5.84782833642785,-1.2004791822393
"HC1_oral_GAACCTATCAACACGT-1","Treg",-0.842483707140127,-3.56137743854118
"HC1_oral_ACTGCTCTCTCTTGAT-1","Th1/Tem",-2.4209678251249,2.24317189789223
"HC1_oral_CGGACACTCGATGAGG-1","Treg",-1.44486875123803,-3.84823838138175
"HC1_oral_TCAGGTAAGTGAACGC-1","Th17",3.66565065794166,0.735853669409033
"HC1_oral_AGCAGCCCATAGAAAC-1","Th17",2.97678499632057,2.05821343994546
"HC1_oral_GTAGGCCAGTTGTCGT-1","NK-like",-4.85835487432305,3.60500392055916
"HC1_oral_GTAGGCCCACGTCAGC-1","Th1/Tem",-0.908904739092031,2.64704712963509
"HC1_oral_CAGAGAGAGAAGGGTA-1","Tcm",2.59857826643165,-3.92800465488029
"HC1_oral_CTACATTTCGTGACAT-1","Th17",3.62540178709205,-2.1742238130529
"HC1_oral_CATATTCGTAAGCACG-1","Th17",-0.17959065027062,2.43933173752236
"HC1_oral_TATTACCCATCACCCT-1","Th17",4.25068741254981,-0.892881902690652
"HC1_oral_TCGTACCAGCAGCCTC-1","Th17",-0.518880315492788,1.53503760433602
"HC1_oral_GGCTGGTAGCCAGTTT-1","Tcm",3.29978733472999,-4.0093740549047
"HC1_oral_AACCATGGTGTAACGG-1","Treg",-1.82873875684563,-4.33128109836173
"HC1_oral_GTCCTCATCCGCAGTG-1","Th17",3.41264992170509,1.85150012112069
"HC1_oral_CAGATCAAGCTGCCCA-1","Th17",4.09197740965064,0.166329679254767
"HC1_oral_TCACAAGTCCACTCCA-1","Th17",2.40676050596412,-1.25090566539359
"HC1_oral_CCACGGAAGACCGGAT-1","Th1/Tem",-2.10292000360314,1.53634080028939
"HC1_oral_TCTCTAATCACCTTAT-1","Th17",-1.83212465829674,-0.7090446081121
"HC1_oral_TCTCATAAGATACACA-1","Treg",-1.68741280622307,-4.32404223346305
"HC1_oral_ACGGGTCTCGGCTACG-1","Th17",-2.55816657132927,2.05151924229073
"HC1_oral_TCGCGTTTCACTGGGC-1","Cytotoxic",-5.26354045457665,-0.806458624835733
"HC1_oral_GACCAATGTGTGCCTG-1","Th17",4.34369116239723,-0.450748178001169
"HC1_oral_CAAGAAAGTCAGAATA-1","Th17",3.95517378263648,-0.519988330837015
"HC1_oral_CCGTACTTCGCATGGC-1","Th17",-1.14444012231652,-0.721216472621683
"HC1_oral_ATGGGAGAGTTCGCAT-1","Cytotoxic",-5.64722771234337,-1.4682386245687
"HC1_oral_TACTTACTCTTGTATC-1","Th17",0.80934887342628,-1.38695755862785
"HC1_oral_CGATTGATCACATACG-1","Th1/Tem",-0.705820270250478,2.63193258381295
"HC1_oral_ACCAGTAGTACTTCTT-1","Th17",0.969094089795909,0.935218391184088
"HC1_oral_CATCAAGGTACCGAGA-1","Th17",2.05452280454811,1.75812336540627
"HC1_oral_GGATTACTCGCGGATC-1","Th17",-0.572376199434438,-1.47988060378623
"HC1_oral_GTCTCGTAGATGTTAG-1","Th17",3.48732929639991,2.48798903561043
"HC1_oral_TGCGGGTTCTTCAACT-1","Th17",2.54836969785865,-1.47997370624137
"HC1_oral_GTGCTTCTCGCCCTTA-1","Th17",-4.40899188108269,-1.20475581550193
"HC1_oral_AGTTGGTAGTCGCCGT-1","NK-like",-4.88052017278496,2.67949279880929
"HC1_oral_AAATGCCTCGAATGGG-1","Tcm",2.90697603635963,-3.89723244571281
"HC1_oral_AAGTCTGCAAGCGTAG-1","Cytotoxic",-5.22490186281029,0.245553326968428
"HC1_oral_CTGAAACGTGTTCTTT-1","Treg",-0.980411954591909,-3.5191568460424
"HC1_oral_CCTACACCAGGAATGC-1","Tcm",3.55553226881202,-3.09493223094535
"HC1_oral_TAAGAGATCAAGAAGT-1","Th1/Tem",-1.43158979005639,2.30627712345528
"HC1_oral_CATGACAAGGCCGAAT-1","NK-like",-5.02057833261315,2.49793109035897
"HC1_oral_AGCGTCGAGCTTTGGT-1","Treg",-2.31453687734429,-3.45695153140617
"HC1_oral_TTTCCTCAGTGAAGAG-1","Th1/Tem",-0.887351937959829,1.53514858818459
"HC1_oral_GCTGGGTGTTCAGTAC-1","Th17",-1.40405745096032,-0.0977641668279206
"HC1_oral_CATATTCAGCGTTCCG-1","Th17",4.37198572569068,1.18002882337975
"HC1_oral_AAATGCCCATCACGTA-1","Th17",1.89725952558692,-0.0164307680089508
"HC1_oral_CTACATTAGTGGGTTG-1","Cytotoxic",-5.20425839013878,-0.694914373393777
"HC1_oral_TTAGTTCTCCCTAATT-1","Cytotoxic",-6.15741295404259,-0.543836506839517
"HC1_oral_CTGAAGTGTCGGATCC-1","Tcm",3.84488850050148,-4.09996071719718
"HC1_oral_CCTACCACAATTCCTT-1","Th1/Tem",-2.1968050677282,1.29693612194466
"HC1_oral_TCAACGATCTTGAGGT-1","Treg",-1.48539692945305,-4.11866513156486
"HC1_oral_GTAGTCAAGTGTCCAT-1","Th17",1.71538334303077,1.64178439712929
"HC1_oral_GCTCTGTCAGAGTGTG-1","Treg",-2.01283616609398,-4.13546124362541
"HC1_oral_CCACCTAGTTATCCGA-1","Th17",-1.04304070062462,-1.53059879207206
"HC1_oral_TCAGCAATCAGCCTAA-1","Th17",-0.4919049221975,-0.558967861171487
"HC1_oral_TGAGGGAAGCGTCAAG-1","NK-like",-5.0967815596563,1.96587022877144
"HC1_oral_ATAGACCGTGCAGTAG-1","Th17",3.42262440138038,-1.56175151729179
"HC1_oral_CGGTTAACACACAGAG-1","Th17",-1.73223120755974,-1.18839505576682
"HC1_oral_TTAACTCGTAACGCGA-1","Th1/Tem",-0.834995217989126,1.72318181133675
"HC1_oral_TCCCGATGTTCTGAAC-1","Th17",-0.147332616518178,-1.46538046264243
"HC1_oral_GACGGCTCACGAGGTA-1","Th17",-1.69003314561669,-0.184901329513315
"HC1_oral_TTTGCGCTCGAACGGA-1","Th17",-1.56460780687157,-1.03201273345542
"HC1_oral_AGCAGCCGTATAGGGC-1","Cytotoxic",-3.9364233691198,0.0647300157587494
"HC1_oral_TGAGAGGGTGAACCTT-1","Th1/Tem",-0.987747855852285,1.42841240501809
"HC1_oral_CCATGTCAGATTACCC-1","Th17",4.17738943510231,-0.714438828464273
"HC1_oral_GGCCGATGTAATCACC-1","Cytotoxic",3.01416759901222,-2.09057536983085
"HC1_oral_TGACAACTCACCCGAG-1","Th17",3.26299314909156,-1.57606259250236
"HC1_oral_ATCATGGCAGTCAGAG-1","Th17",2.25761776380714,-1.69700518512321
"HC1_oral_ACTTTCAAGGGAGTAA-1","Th17",-0.722593255708852,-0.613972815509561
"HC1_oral_AAATGCCAGAGCCTAG-1","Th17",-0.754402824114004,-1.65973249339652
"HC1_oral_GCTTGAATCGGTGTCG-1","Cytotoxic",-5.42583818025414,-1.20937422179771
"HC1_oral_GTCAAGTGTCCGAACC-1","Th17",1.44675283842262,2.99549779034066
"HC1_oral_CATCAAGGTTACAGAA-1","Th17",-1.84032911844079,-1.06869200133872
"HC1_oral_GACTAACAGGCTAGCA-1","Th17",3.07491236143287,-2.05324736499381
"HC1_oral_CTAACTTCACGTGAGA-1","Th17",-1.50688011236016,-0.477527054782632
"HC1_oral_CACCAGGAGCAGATCG-1","Cytotoxic",-5.85865611619774,-0.28902450465751
"HC1_oral_ACATCAGTCGAGCCCA-1","Th17",-1.0030657727224,-0.0239808585603272
"HC1_oral_TAGAGCTCATACTACG-1","Th17",2.14647131376441,1.58460947609353
"HC1_oral_GTGCATATCCAACCAA-1","Th17",2.25604277067359,1.64597519970345
"HC1_oral_GCAATCACAGATAATG-1","Th17",-1.35892648286644,-1.14000705146385
"HC1_oral_CTGATCCCATGAGCGA-1","Cytotoxic",-5.33582586831872,-1.42560735606742
"HC1_oral_ACTGAGTCAGATGGGT-1","Th17",-1.79797823018853,-1.01752904319358
"HC1_oral_CTGAAGTGTCGTGGCT-1","Th17",-0.59578938073937,-1.66462627315116
"HC1_oral_GAGTCCGTCATTTGGG-1","Th17",2.37035971098121,-0.823610099788431
"HC2_oral_GGGTTGCAGAATTCCC-1","Th17",-2.74123583025757,-0.176796885963205
"HC2_oral_ATGTGTGCATACTACG-1","Th17",-2.05486089773003,0.0383517119924988
"HC2_oral_TGTGGTAGTGCCTGGT-1","NK-like",-5.09307117051903,3.15630206203866
"HC2_oral_AGCTCTCGTACATCCA-1","Th17",0.658499292661509,0.445851375524279
"HC2_oral_CTTAGGAGTTTGTGTG-1","Tcm",3.39828329496559,-3.71165123843742
"HC2_oral_CATCGAACAGGAACGT-1","Tcm",2.57709246092018,-3.60081139468742
"HC2_oral_CTGCCTAGTACCGCTG-1","Th17",-0.293138213823476,-1.45330813788963
"HC2_oral_TAGAGCTAGCGATGAC-1","Th17",2.54940920286354,-1.66003886127067
"HC2_oral_TCTATTGTCTCTGCTG-1","Th17",2.5105250399607,2.40454730129647
"HC2_oral_AACTTTCGTATGGTTC-1","Tcm",2.65281753950294,-4.37109032535148
"HC2_oral_AGGCCACTCGTCGTTC-1","Th17",-2.2291269380552,0.0826231811087097
"HC2_oral_ACATGGTAGTGGAGTC-1","Th17",1.76733332090553,-1.00532725715232
"HC2_oral_TGCTGCTTCCTTGACC-1","Th17",0.779652170469126,-1.1493567552526
"HC2_oral_GATCTAGGTATTCTCT-1","Th17",0.557654671003184,-1.12227061652732
"HC2_oral_CCTACCAGTCACACGC-1","Cytotoxic",-3.32612641937558,-0.175786527629617
"HC2_oral_CGACCTTGTACTTAGC-1","Th17",-2.01321048326317,0.247339901689764
"HC2_oral_GGTGCGTAGTCTTGCA-1","Th17",2.30217009000953,-1.5764180746038
"HC2_oral_GACGCGTAGGACAGCT-1","Th17",0.954155258466563,2.01672312355446
"HC2_oral_TTGGAACTCGAATGGG-1","Th17",-2.11060494966332,0.325959232811209
"HC2_oral_CATCGGGTCAGTCAGT-1","Th17",0.23403935842689,-1.78333536052299
"HC2_oral_CGCGGTAAGGTGACCA-1","Th17",2.85467081480201,-0.0681953158338104
"HC2_oral_TCTATTGGTAAATGAC-1","Cytotoxic",-4.65156812257592,-0.863271626468423
"HC2_oral_CTCGGGAGTCTCATCC-1","Th17",-1.73801977224175,-0.705031665797952
"HC2_oral_CTCATTAGTGTCCTCT-1","Cytotoxic",-4.7020004469854,-0.632315787311319
"HC2_oral_CACATTTCAACACCCG-1","Th17",1.50527029447731,2.48469480610299
"HC2_oral_TTATGCTAGCCAACAG-1","Th1/Tem",-1.28228611535851,1.24816170072961
"HC2_oral_AACCATGCAGTCCTTC-1","Th17",-0.383165069292226,-1.55235949420524
"HC2_oral_CTCGGGACAACCGCCA-1","Cytotoxic",-4.12967724389855,-0.133121105666879
"HC2_oral_GACCTGGTCCCATTAT-1","Th17",-2.84519318528,-0.353046330447916
"HC2_oral_CCTATTAGTCGACTAT-1","Th17",-1.83808345384423,0.563339886430975
"HC2_oral_GTGCAGCAGAAACGCC-1","Cytotoxic",-4.72289080209557,-1.03097358607841
"HC2_oral_TTCGGTCCATCATCCC-1","Th17",-1.17023891992394,-0.556569370265726
"HC2_oral_AGGGTGAAGGCCATAG-1","Th1/Tem",-0.6812040287954,1.85444017982888
"HC2_oral_CGGACGTGTACATGTC-1","Th17",4.40081434660133,0.257898447279211
"HC2_oral_GTCTTCGGTAGCTAAA-1","Th17",0.729521803190074,-1.1263904895742
"HC2_oral_AGCTCTCTCCAGTATG-1","Th17",1.37304478101905,2.34423359966683
"HC2_oral_CACACAAGTCCAGTAT-1","Th17",1.44013052396949,0.232001108292815
"HC2_oral_GTGCATAAGTGGTCCC-1","Th17",2.03056555204566,2.41397413349557
"HC2_oral_GGCTCGACAGCGTTCG-1","Tcm",3.6103466074961,-4.70712462329459
"HC2_oral_GAGCAGAGTTGTACAC-1","Th17",4.16425018720802,1.5517352495234
"HC2_oral_GAACGGAGTAGAGGAA-1","Th17",1.92091875486549,2.09869786835122
"HC2_oral_AAACGGGGTCATACTG-1","Th17",3.8610904734629,-0.791075381274942
"HC2_oral_TCAGGATTCCGTTGTC-1","Th17",-1.08552093095604,1.37898567057061
"HC2_oral_TTCTCCTGTGAGGGAG-1","Th17",2.53231077604469,2.2052426013987
"HC2_oral_CAAGGCCTCTCGCTTG-1","Th17",3.26806049757179,-0.592553767200235
"HC2_oral_CTTAACTCATGCAATC-1","Th17",2.36157350950416,2.25687977409768
"HC2_oral_CGCGTTTCAGCATGAG-1","Th17",1.91321592741188,2.70125636196541
"HC2_oral_GCATGCGGTTAGAACA-1","Th17",0.922099880506358,0.392748211685892
"HC2_oral_ACACTGATCTTTACGT-1","Th17",3.36829214506324,0.868920055393454
"HC2_oral_CCTAAAGCAAGAGGCT-1","Th17",0.387897304822764,0.335424375895735
"HC2_oral_TGCGTGGTCAACGGCC-1","Th17",3.18805056028541,0.0205758783857788
"HC2_oral_GTCAAGTGTTGGGACA-1","Th17",0.18042402677711,-1.54629126452995
"HC2_oral_TTTACTGGTCGACTAT-1","Th1/Tem",-3.11981363631312,3.00339135265755
"HC2_oral_GTGAAGGAGGCCATAG-1","Th17",2.6788509409922,-1.3500985231359
"HC2_oral_TCGTAGATCAAGGTAA-1","NK-like",-5.00365454740349,2.67560085392403
"HC2_oral_CGTGTCTTCACAGGCC-1","Th17",3.51791029386695,1.04074379539895
"HC2_oral_GTTCTCGAGACCACGA-1","Th17",2.03220587186988,2.17527255154061
"HC2_oral_TCTCTAAGTTGGACCC-1","Th17",-0.885831542680898,-1.15202275180412
"HC2_oral_GCAAACTAGTGAACGC-1","Th17",2.09634476118263,1.76424833870339
"HC2_oral_GTATTCTGTGCAGACA-1","Th17",2.26367597990211,2.62077387905526
"HC2_oral_CCGTACTTCAGGTTCA-1","Th1/Tem",-0.567737765978017,1.80959471798348
"HC2_oral_CTTAGGAGTATAATGG-1","Tcm",3.1002376597422,-3.52876606845451
"HC2_oral_TCTGGAAGTAGCGTGA-1","Treg",-1.75068051404778,-3.77981892489982
"HC2_oral_ACGCAGCAGGACAGAA-1","Th17",1.71076231413063,0.625468087558028
"HC2_oral_GTGCATAGTACGAAAT-1","Th17",1.77130585127052,0.7253976438086
"HC2_oral_GATGCTAGTAAACACA-1","Th17",0.66505914144691,2.09853502846169
"HC2_oral_GTATTCTGTAATCGTC-1","Th17",3.3975108187693,0.34330521262097
"HC2_oral_GTACGTACATTACCTT-1","Th17",1.94291429929908,1.58947011566567
"HC2_oral_TTCTACAAGAGTCGGT-1","Th17",2.70599298887428,-0.557880672450784
"HC2_oral_TACGGTAGTCTCAACA-1","Th17",1.65056734495338,-0.775965484615091
"HC2_oral_CACCACTAGGGCTCTC-1","Th17",1.50417690687355,0.0580755744020904
"HC2_oral_TAGAGCTCACGACTCG-1","Th17",2.79170399122413,-1.28040340804649
"HC2_oral_TACAGTGGTTCACCTC-1","Th17",0.86389046125587,-0.664514574046854
"HC2_oral_CCGGTAGCATCATCCC-1","Th17",1.00292568617042,2.55047401523995
"HC2_oral_TTTGGTTAGATCACGG-1","Th1/Tem",-0.462913699815908,1.92647489643502
"HC2_oral_CAAGATCTCCGCAAGC-1","Th17",1.3765466731089,2.52913126087594
"HC2_oral_CTTTGCGGTAAGCACG-1","Cytotoxic",-4.07897747344796,0.00542771554398191
"HC2_oral_GCACATATCCCTTGCA-1","Cytotoxic",-4.19497782773797,-0.391297194000009
"HC2_oral_GCAGTTATCGCCAGCA-1","Th17",3.4035299342173,0.187080470089194
"HC2_oral_CAGAGAGCATGTCGAT-1","Treg",-1.60796029157464,-3.92455855273795
"HC2_oral_ACGATGTAGCTAACAA-1","Th17",3.61881189756568,1.26219781971383
"HC2_oral_CTAACTTAGTAACCCT-1","Th17",1.7269523661631,1.31896230316567
"HC2_oral_GTACTTTGTGCAACTT-1","Th17",1.17858725004371,1.58243021107125
"HC2_oral_GCTGCAGTCGTCGTTC-1","Th17",-1.5244053084356,1.65990504360604
"HC2_oral_CCACCTAAGCTGAAAT-1","Cytotoxic",-5.09147626943413,-0.71793189906669
"HC2_oral_TGAGCATTCGCCCTTA-1","Th17",2.22451572828468,-0.189405235286478
"HC2_oral_GGAATAACAAGGTGTG-1","Th17",0.89215498380836,0.323740718130347
"HC2_oral_TTGTAGGCAGCTGCAC-1","Cytotoxic",-4.56401927060906,0.0533035967390503
"HC2_oral_AGGTCATGTTGGAGGT-1","Th17",1.50434379987892,2.15785357094216
"HC2_oral_GGCTGGTCATCATCCC-1","Cytotoxic",-3.7113901454908,-0.213219019408945
"HC2_oral_AGCCTAAAGCTCCCAG-1","Th17",1.21991568021949,-0.828844818111185
"HC2_oral_ACGCAGCCACACGCTG-1","Cytotoxic",-5.37058395929162,-0.175105604167703
"HC2_oral_ATTATCCAGACAATAC-1","Cytotoxic",-5.14794237203423,0.138901529077765
"HC2_oral_ATCATGGTCAGGATCT-1","Cytotoxic",-5.88418240136925,-0.787640484805826
"HC2_oral_GTTCGGGGTACATCCA-1","Th17",1.46440105848487,2.67733463383126
"HC2_oral_TCTCATACACACGCTG-1","Th17",-1.91726297921959,-0.869717749591592
"HC2_oral_ATTATCCGTAGCGCAA-1","Th17",0.605472139646372,1.29818126297402
"HC2_oral_GGAGCAAAGTGACATA-1","Th17",2.00235395841773,0.335248139862296
"HC2_oral_GACGCGTCATTTGCCC-1","Th17",0.123580507566294,2.07991942501473
"HC2_oral_TACGGTAGTCCTAGCG-1","Th17",3.95665293150123,2.29542264080453
"HC2_oral_CAGTAACGTGGTGTAG-1","Th17",0.232636741926036,0.487111450348374
"HC2_oral_CAGTCCTAGAAACCAT-1","NK-like",-4.63639349527184,3.19109925365853
"HC2_oral_GCAAACTGTCTCTCTG-1","Th17",0.822396091749034,-1.55718031787467
"HC2_oral_GCCTCTACAATAGCAA-1","Th17",-0.43007607049767,-1.75020638370109
"HC2_oral_GGAATAAAGAGTAAGG-1","Tcm",3.57291393690284,-4.25191203021598
"HC2_oral_GAATGAAGTCTAAACC-1","Th17",2.41693716459449,-0.635254892345194
"HC2_oral_ATCACGACATCATCCC-1","Th17",-0.567378469179311,-1.02752760314536
"HC2_oral_GTCACAAAGTTAACGA-1","Th17",3.34429579191383,-0.481188806529764
"HC2_oral_TGAAAGAGTCTCAACA-1","Th17",2.30373125486549,2.28957828617501
"HC2_oral_TGGTTAGAGGGATACC-1","Tcm",3.63555031233009,-4.40712490939689
"HC2_oral_CCTAAAGAGTACGCCC-1","Th17",2.60343103819068,-1.47379628085685
"HC2_oral_ACGAGCCCACCCATGG-1","Tcm",3.66993265562232,-4.43099108600211
"HC2_oral_TGGCGCATCGAACTGT-1","Th1/Tem",-0.943436809251943,2.35555967426705
"HC2_oral_TATCTCACAAGTAGTA-1","Th17",-0.399475761125722,-1.52646997832847
"HC2_oral_TAGACCAGTCCAGTAT-1","Th17",1.75088386945899,-0.715680631633524
"HC2_oral_CTCACACGTCATCGGC-1","Th17",2.37990408353981,0.00658240652489317
"HC2_oral_AGGCCGTTCCTACAGA-1","Cytotoxic",-5.65465731210534,-1.57243624591422
"HC2_oral_CTGTGCTAGCCTTGAT-1","Th17",1.49450807981666,2.72022685146737
"HC2_oral_CACTCCAAGCGTGAAC-1","Th17",1.26806002073463,-0.423433872695688
"HC2_oral_GAACGGACACAACGCC-1","Th17",3.14803247862037,0.341168550018546
"HC2_oral_CACTCCACAGACGCAA-1","Th17",-1.59041506833855,-0.858029159541849
"HC2_oral_CAGTAACCACGCCAGT-1","Th17",1.13519173078712,-1.62212983035636
"HC2_oral_TTTGGTTAGTAAGTAC-1","Th17",1.73883324079689,2.75543555355477
"HC2_oral_CACCAGGCACTTCTGC-1","Tcm",2.71653728895362,-4.11324206256461
"HC2_oral_AGAGCGAAGAGGTACC-1","Th17",3.77366810255226,2.00671145058083
"HC2_oral_GTCACGGGTCGAATCT-1","Cytotoxic",-5.18321294374291,-0.105079921718362
"HC2_oral_TCGAGGCCAAAGTCAA-1","Th17",-1.95835358686272,-0.823705228801492
"HC2_oral_AGATTGCTCCTAGTGA-1","Tcm",3.4160974543589,-3.22534910106254
"HC2_oral_GACCTGGTCTTATCTG-1","Th17",-1.4670915085775,-0.512992831702951
"HC2_oral_CTGCTGTCACGGTGTC-1","Th17",2.68497257642921,2.36301812267708
"HC2_oral_CTCCTAGCACCCTATC-1","NK-like",-5.14988739080254,3.55664524174142
"HC2_oral_TGACTAGGTTTGTGTG-1","Th17",-1.71623951978509,-1.28502407931877
"HC2_oral_TGTTCCGCAAGGTTTC-1","Th17",4.1990974467295,0.737849679950949
"HC2_oral_CTCCTAGAGGTGCTTT-1","Th17",2.00036411695655,2.46695098019051
"HC2_oral_CAGGTGCTCAGCTCTC-1","Th17",2.59365253858741,1.19373908377099
"HC2_oral_TTCTACATCGAATGCT-1","Th17",1.54657106809791,2.24896523094582
"HC2_oral_CTACCCATCCGAAGAG-1","Th17",0.486916832258067,1.66826757526803
"HC2_oral_GAATGAAGTCTAGAGG-1","Th17",2.56022434644874,2.56253489590096
"HC2_oral_TCTCATAAGGTTACCT-1","Th17",1.47755890302833,0.846232262615439
"HC2_oral_GTATTCTAGGAGCGTT-1","Th17",1.48848324232276,0.299767223362204
"HC2_oral_TCCCGATTCGCTTGTC-1","Th17",-0.772928186128774,-0.770670804019693
"HC2_oral_GTGCATACAATTCCTT-1","Th1/Tem",-0.968001790712514,2.7046504888575
"HC2_oral_TTCGAAGCAGGACGTA-1","Th17",2.23316841535743,2.06675907707619
"HC2_oral_TCTATTGAGTCTCGGC-1","Th17",-2.28427559919182,-0.774634751315836
"HC2_oral_ATGGGAGAGACAGAGA-1","Th17",-1.43384463376824,-0.981744083400491
"HC2_oral_GTCTCGTGTCGGCATC-1","Th17",0.455997995664439,-0.733959826465372
"HC2_oral_CACACCTTCCAGTAGT-1","Th17",1.0465677302378,0.60915849841046
"HC2_oral_GTGTGCGGTGGGTATG-1","Treg",-2.04816181249444,-4.24468031787467
"HC2_oral_AGGCCGTAGTGTACTC-1","Th17",2.6090004961985,0.0605900261442627
"HC2_oral_AAAGATGAGCTGCGAA-1","Th17",-2.48062396831337,0.366838921968218
"HC2_oral_GTCACGGGTGTGGCTC-1","Th17",2.84661131315406,-1.18191543483329
"HC2_oral_CTGCGGATCAACACTG-1","Th17",0.102955393125376,0.777662483219382
"HC2_oral_GTACGTAAGGAGTAGA-1","Cytotoxic",-5.72655291147057,-0.632595094676736
"HC2_oral_TACTCATCACGGTAAG-1","Th17",1.58083324842628,-0.87292412185264
"HC2_oral_CTAAGACCATCCCACT-1","Th17",0.486095003415904,2.23566385841775
"HC2_oral_AAAGATGCACATCCAA-1","Th17",1.39266710691627,-0.993484171863321
"HC2_oral_TTGCGTCTCCCTAACC-1","Th17",-0.403568216036001,-0.313195320602182
"HC2_oral_CTCTGGTAGCTAACAA-1","Th17",3.30116348676856,2.48427685833382
"HC2_oral_CTCTAATTCCTGTAGA-1","Th17",0.877048782636485,-1.09618786239219
"HC2_oral_TACGGATAGCGTTGCC-1","Th17",0.207910589505992,1.95728537178445
"HC2_oral_AACCATGTCGTGGACC-1","Cytotoxic",-5.50480026788537,-0.159936818118814
"HC2_oral_CGGAGTCGTTGTACAC-1","Th17",0.154753736783824,-1.51343301200462
"HC2_oral_TAGACCACACAGACTT-1","Cytotoxic",-4.95873016900841,-0.771222504611734
"HC2_oral_GTCAAGTGTCACCCAG-1","Th17",1.18388157301124,-0.960685047145609
"HC2_oral_ACCGTAAAGTCGATAA-1","Th17",0.274114660550913,2.06864914036202
"HC2_oral_CAGCTGGCAAAGGTGC-1","Th17",-0.074247070024648,-1.30312672519279
"HC2_oral_TGGCGCACATCCTAGA-1","Th17",2.66423969679054,-1.74977746867729
"HC2_oral_GCAGTTACAGTCGTGC-1","Th17",0.759935669233164,-1.81015411281181
"HC2_oral_CGATGTAAGCTGCCCA-1","Th17",-1.44451589174096,-1.17416838073326
"HC2_oral_ATAACGCAGATGCCTT-1","Th17",-1.51174742765252,-1.07019618415428
"HC2_oral_ATAAGAGAGTTATCGC-1","Cytotoxic",-5.30731362886254,0.133330819372412
"HC2_oral_CCTTTCTGTAATCACC-1","Th17",0.456045917798838,0.914634225134131
"HC2_oral_TGAGAGGAGAGTAAGG-1","Th17",-0.439938255022207,-0.719503077502969
"HC2_oral_ACTGATGTCGTCACGG-1","Th17",2.09921436720069,2.03428908920693
"HC2_oral_TCCCGATGTGCAACTT-1","Th17",-0.409299560259023,0.650063884619948
"HC2_oral_CATGACACATATGAGA-1","Cytotoxic",-4.95517820901696,0.68991137779164
"HC2_oral_ACCTTTAAGATACACA-1","Th17",-1.28710228986565,-1.33959761523795
"HC2_oral_GTACTCCTCAAGATCC-1","Cytotoxic",-5.82564253396813,-0.401463779445413
"HC2_oral_CATCGGGTCTACTATC-1","Th17",3.79483633451637,-1.71223083400321
"HC2_oral_GACGTGCCATGTAGTC-1","Tcm",2.75848226957496,-4.2823027696569
"HC3_oral_CGTCACTAGAGTAATC-1","Tcm",2.57976370268043,-3.71782198810172
"HC3_oral_ACCCACTCATTCACTT-1","Th17",4.04498558454689,1.72297689056801
"HC3_oral_ACGCCAGTCTCAAACG-1","Th17",2.33656673841651,-0.766238960262064
"HC3_oral_TGCTGCTGTACTTAGC-1","Treg",-1.85141999311272,-4.25990811252189
"HC3_oral_GCAGTTACAGTGACAG-1","Th17",0.132650427152476,0.767329243187186
"HC3_oral_GACTACAAGTTCGCGC-1","Tcm",3.35152273588356,-4.63035527133537
"HC3_oral_AACTCTTTCACTCCTG-1","Th17",3.22789984159645,0.618110832933661
"HC3_oral_GTAACGTAGTGGGATC-1","Tcm",2.5862348597544,-4.02311173343253
"HC3_oral_ACACCCTTCGTCTGAA-1","Th17",3.56290512495216,1.12998351192879
"HC3_oral_AAGGAGCAGAGCTTCT-1","Th17",3.54180174284156,1.62070747948098
"HC3_oral_CGGTTAATCCGAGCCA-1","Th17",0.458874038984141,-0.442405375476602
"HC3_oral_TTAGTTCAGGTGCACA-1","Treg",-1.61146432943169,-3.62493267917228
"HC3_oral_GGACATTTCACCCTCA-1","Th17",2.24030237608131,0.950564560655829
"HC3_oral_GACACGCTCCGTAGGC-1","Tcm",3.03229885511573,-3.75501051806999
"HC3_oral_CCGTGGAAGTGGAGTC-1","Th17",0.567205957700572,-1.17980006599021
"HC3_oral_CGATTGATCGGCGCAT-1","Treg",-2.28272134847466,-3.76876727008415
"HC3_oral_TGCTACCCAGGCTGAA-1","Th17",3.5648634951609,0.310176623229262
"HC3_oral_ACTGCTCTCCAGAGGA-1","Th17",0.764968923856578,2.40858694649148
"HC3_oral_ACCCACTTCCGTTGCT-1","Th17",1.6341674845713,2.06622144318032
"HC3_oral_AGCGGTCCACGACTCG-1","Th17",2.24826031141456,-0.596871646877054
"HC3_oral_CGGACACCAGCGTAAG-1","Th17",1.89430408888038,-0.285548004146341
"HC3_oral_GATGAGGCAGGCAGTA-1","Cytotoxic",-4.88900596685235,-1.18420329951835
"HC3_oral_GGCTCGAAGTAGATGT-1","Th1/Tem",-3.46280018276993,2.68585642910409
"HC3_oral_GACACGCGTACCGTAT-1","Th17",0.88386469297584,-1.47131386661125
"HC3_oral_CTCGAAAAGCTAAACA-1","Th17",3.41619854383644,-0.86942127608848
"HC3_oral_ATCCGAAGTTGTCGCG-1","Th17",1.34897118025001,1.94180783367562
"HC3_oral_CAGCGACTCTGTTTGT-1","Th17",0.334578565885386,-1.38103106879783
"HC3_oral_TTTGTCATCGGCGCAT-1","Th17",2.7269523661631,1.05169519520211
"HC3_oral_TAGTTGGCATAACCTG-1","Th17",-0.537991233537832,-1.01939836406303
"HC3_oral_CAGGTGCAGCTGGAAC-1","Th1/Tem",-3.12782415039364,2.5852886114161
"HC3_oral_TGCTACCAGCCGCCTA-1","NK-like",-5.06146747655694,2.92155131435799
"HC3_oral_CTAACTTCATGAACCT-1","Th17",1.34562044553932,1.18907853699135
"HC3_oral_TTGGCAAAGGCTCTTA-1","Tcm",3.62057619505104,-4.69297257327628
"HC3_oral_GCTGCAGGTCCTAGCG-1","Th17",0.920580677320323,-1.72424307727409
"HC3_oral_AAGGCAGTCGTTACGA-1","Th17",-0.0574912507039693,0.902537164453741
"HC3_oral_ATTATCCTCGTGGTCG-1","Th17",0.224782041837535,-0.654236468311075
"HC3_oral_GGCTGGTTCCTTCAAT-1","Th17",1.08210640363868,0.0344579491655792
"HC3_oral_AGGGATGTCTTAGAGC-1","Th17",2.0137799304026,-0.463312121864084
"HC3_oral_CCAATCCTCAGCATGT-1","Cytotoxic",-5.06012029237572,-0.913911017413858
"HC3_oral_GCTCTGTAGGTGCACA-1","Th17",3.24436550550636,1.6263521585505
"HC3_oral_GCTTGAAAGCTGCCCA-1","Th1/Tem",-2.84931693262879,1.8701984558146
"HC3_oral_CTACCCAGTGTGGCTC-1","Th17",1.99713926725563,0.577297819022414
"HC3_oral_AGAGTGGAGATCCGAG-1","Th17",1.82043199949439,-1.41050592326713
"HC3_oral_GCTCTGTAGGATGTAT-1","Th1/Tem",-1.2366444546682,2.20375689602303
"HC3_oral_TTGAACGTCAACACCA-1","Treg",-2.0763970095617,-3.89591875934196
"HC3_oral_ACAGCCGGTAGGCATG-1","Treg",-1.71449715680901,-3.61979332828117
"HC3_oral_ATAGACCTCTCTTGAT-1","Th17",-1.62766284532372,-0.484863909717325
"HC3_oral_GTAACTGCACTACAGT-1","Th1/Tem",-1.68774063176934,2.07545742130685
"HC3_oral_CACACTCTCAATCACG-1","Th17",-0.639843650530019,-1.36223951243949
"HC3_oral_CAAGTTGAGAAGCCCA-1","Th17",2.501869491865,1.37539979553628
"HC3_oral_CACACTCCAAAGGTGC-1","Cytotoxic",-4.96360368318383,-1.23119703197074
"HC3_oral_TCAGCTCAGTACCGGA-1","Th17",-0.231100507448354,-1.00025239848686
"HC3_oral_TAAGTGCTCAGGTAAA-1","Treg",2.44043379240211,-4.05660239123893
"HC3_oral_TCATTACGTATATGAG-1","Th1/Tem",-4.99465567655388,0.939770546917197
"HC3_oral_CACACAAGTCTTTCAT-1","Cytotoxic",-5.32695645875756,-1.48599902057243
"HC3_oral_TAGTTGGGTACAGACG-1","NK-like",-5.14268905706231,3.51362475490975
"HC3_oral_CGCTTCACACCGGAAA-1","Th1/Tem",-0.978547282884755,2.4469145212214
"HC3_oral_CAGATCACAACTGGCC-1","Th17",3.5092895548838,0.760537383321997
"HC3_oral_AGGCCGTAGACTCGGA-1","Th1/Tem",-3.38999732620541,2.09776040649819
"HC3_oral_ATGGGAGGTTCGCTAA-1","Th17",1.5518544238108,2.31714376545357
"HC3_oral_CTACATTCATCCGCGA-1","Th17",2.43898468427833,1.49694177246499
"HC3_oral_CTCTGGTCACACCGCA-1","Cytotoxic",-5.54391665048424,-1.28191331290794
"HC3_oral_GAAATGAAGATGGCGT-1","Th17",0.327634147931895,-0.823237689967874
"HC3_oral_ATCATGGTCATTGCGA-1","Th1/Tem",-2.24920684881035,1.94611510372567
"HC3_oral_TGCCAAAAGCATGGCA-1","Cytotoxic",-5.55476278848473,-0.169018956657175
"HC3_oral_TCAGCAAAGAAGATTC-1","Th17",3.13893251829322,0.536951770250079
"HC3_oral_AAACCTGGTCTCCACT-1","Th17",0.34401421957191,-0.987292918201212
"HC3_oral_GATGCTAAGCTGTTCA-1","Th17",-0.22379583902184,1.48454591370034
"HC3_oral_ATTGGACGTACTTGAC-1","NK-like",-4.78015930242363,2.69010242557931
"HC3_oral_CCACTACCAATCTACG-1","Th17",1.73606853895362,-0.503006252284769
"HC3_oral_TTCCCAGAGTGCAAGC-1","NK-like",-4.53818637914483,3.09245404339242
"HC3_oral_GACTAACTCGCCATAA-1","Tcm",3.51228027754005,-3.98085919284416
"HC3_oral_GGACGTCCACCGAAAG-1","Th17",4.19591265134986,0.467481446395021
"HC3_oral_ACCCACTGTAGAGTGC-1","Th17",3.11783295087989,-0.706922563548807
"HC3_oral_CCTTCGAAGATCGGGT-1","Th1/Tem",-0.640572019289174,2.14100751018929
"HC3_oral_AGCCTAACAGTCAGAG-1","Th17",-1.05664009637658,-0.954778465266946
"HC3_oral_GCAGTTATCTCTAAGG-1","Th1/Tem",-0.841946311662832,2.46979579067635
"HC3_oral_CTGCGGAGTCTCTTTA-1","Treg",-1.35920972413842,-2.88571587466789
"HC3_oral_CCGTTCATCTTAGCCC-1","Th17",-1.39876610822503,0.0370713148157562
"HC3_oral_CATCAAGCAGTAACGG-1","Th1/Tem",-3.50484532899682,2.03962787723946
"HC3_oral_CTCTAATCATGCATGT-1","Th17",1.43131809644874,0.619795439008948
"HC3_oral_CTCCTAGAGATCGGGT-1","Cytotoxic",-5.35731072015587,-0.840114864345316
"HC3_oral_CTTTGCGCAATCACAC-1","Th17",3.28570204191383,0.0897102627794708
"HC3_oral_CGGGTCAGTCTGGTCG-1","Th17",1.40648394041236,1.46020498609948
"HC3_oral_GATGAAAGTACGCTGC-1","Th17",4.39114838056739,2.10165378189492
"HC3_oral_TAGTGGTGTGAGTATA-1","Th17",2.47769813947853,-0.173639031883005
"HC3_oral_CAGAGAGCAGCTCGCA-1","NK-like",-4.8405252177221,2.55908927059579
"HC3_oral_AGGGTGAAGGCATGTG-1","Treg",-1.62057549543206,-3.4891857233007
"HC3_oral_CGAGCACGTGTGAATA-1","Tcm",3.37911444120582,-3.20363083743644
"HC3_oral_TACCTATGTGTAATGA-1","Th17",3.56055860929664,2.46225496864724
"HC3_oral_TCGTAGAGTCCGTCAG-1","Treg",-1.42154640741173,-3.38702670001579
"HC3_oral_GGATTACCATCCGGGT-1","Th17",-1.23426158017937,-3.35258022212577
"HC3_oral_CGGACACCAAGACGTG-1","Th17",1.14606934004005,1.445166674618
"HC3_oral_CTCAGAAAGCGGATCA-1","Cytotoxic",-2.62404120750252,-3.16667333507133
"HC3_oral_GAACATCCATGGGAAC-1","Th17",1.28135710172828,2.2318174514811
"HC3_oral_TCAACGAAGCCGATTT-1","Th17",3.02623920850929,-0.446445259090189
"HC3_oral_ACTGTCCTCCAGTAGT-1","Th17",1.04531698637184,-1.05582765006614
"HC3_oral_CGTCCATGTGTAACGG-1","Th17",1.68379431181129,-0.625297221179727
"HC3_oral_CTGAAACAGGGATCTG-1","Th17",1.79089909010108,1.84764596558022
"HC3_oral_CGAGAAGGTATTCGTG-1","Tcm",3.32639723234352,-4.63212958240104
"HC3_oral_ACTTTCACAGAGTGTG-1","Th17",1.35856943540748,1.68720885849404
"HC3_oral_CCACTACTCACCACCT-1","Treg",-1.88875503129784,-4.09604493045402
"HC3_oral_ACGCAGCAGCCACCTG-1","Th17",-1.76638276166741,-0.896593603130106
"HC3_oral_CTCGGGATCCCAGGTG-1","Th17",-0.685966678331533,-2.26266780757499
"HC3_oral_GTTTCTATCGGCCGAT-1","Th17",0.186268858243785,-1.24715236091209
"HC3_oral_TTAGGACGTAGCCTCG-1","Th17",1.25339346342262,-1.50891569518638
"HC3_oral_GTGCAGCTCGTACGGC-1","Th17",1.3231380503672,1.16192379331994
"HC3_oral_TAGGCATGTAAGTGGC-1","NK-like",-5.17209763116662,2.71107658482003
"HC3_oral_GCTGGGTGTCGGATCC-1","NK-like",-4.9437145668966,3.64410099125313
"HC3_oral_CGGCTAGGTTCGTTGA-1","Cytotoxic",-5.18641478605095,0.412644219760176
"HC3_oral_GCGCAGTAGTACCGGA-1","Th17",-0.185183473299184,-2.11388436221671
"HC3_oral_CCACGGAAGGTGCTTT-1","Cytotoxic",-5.5398101288778,-1.61834207439018
"HC3_oral_CGATCGGTCGGTCCGA-1","Cytotoxic",-5.04348547048394,-0.510989042754892
"HC3_oral_GGCAATTCAAGCGTAG-1","Th17",-0.484006829927602,-0.957658323283914
"HC3_oral_GTTCGGGAGCCACGCT-1","Cytotoxic",-5.96951169557396,-0.434266242023233
"HC3_oral_ACGGCCAGTCGACTAT-1","Th17",3.47802334242042,-4.67220011615348
"HC3_oral_CCTTACGCACCCTATC-1","Cytotoxic",-5.00506097860161,0.038250801328894
"HC3_oral_TTTGTCAGTGACTACT-1","Th17",-0.76363606042687,-0.728949102397684
"HC3_oral_AGTGGGATCCCTCAGT-1","Th17",1.55751066618141,1.64079829788613
"HC3_oral_GTCTTCGAGTACGTAA-1","Th17",-0.119247146318593,-1.3025082673986
"HC3_oral_GTTCGGGAGGGTGTTG-1","Th17",0.736950687696299,1.99419733620095
"HC3_oral_GTGCGGTAGGTGGGTT-1","Th17",-0.476565547655263,-0.431384119029764
"HC3_oral_ACCTTTATCCGTCATC-1","Th17",4.43087845258888,-0.306501480575327
"HC3_oral_AGTAGTCTCAGCCTAA-1","Th17",-0.480718084047475,-1.31994727515769
"HC3_oral_TACGGATCAGCTCCGA-1","Treg",-1.64255351610009,-3.29420343303275
"HC3_oral_TTGGAACCATGGGAAC-1","Th1/Tem",-1.22626478261773,1.25601246691155
"HC3_oral_GCACTCTAGTAGATGT-1","Cytotoxic",-4.50739819593255,-0.623557480808023
"HC3_oral_ACTTTCATCTTTCCTC-1","Th17",2.67974596433814,0.88855510688233
"HC3_oral_GCTTGAACACTCGACG-1","Treg",-1.64357811994378,-3.88575926684928
"HC3_oral_GACGGCTCAGCCTTGG-1","Th17",1.73782043867286,2.86814650631356
"HC3_oral_CCATTCGAGCGTAATA-1","Th17",1.96192818098243,0.690637615684744
"HC3_oral_GATCTAGGTGTAATGA-1","Cytotoxic",-5.40813154764,-0.00132769608092653
"HC3_oral_CATCAGACAGTAACGG-1","Th1/Tem",-3.21690560448442,1.46828743553567
"HC3_oral_CATCCACAGTCAATAG-1","Cytotoxic",-6.13751239366356,-0.599233063693765
"HC3_oral_CTGTGCTCACACTGCG-1","Th17",1.81015472822364,1.82755657768654
"HC3_oral_GCGCCAACACCAACCG-1","Th1/Tem",-2.65921492166344,2.99346932506966
"HC3_oral_GCTGGGTGTTGTCTTT-1","Cytotoxic",-5.26061982698266,-0.442099484439615
"HC3_oral_GTACGTACACATAACC-1","Cytotoxic",-5.17237574643914,-1.05182293319297
"HC3_oral_AAACCTGTCCCTCAGT-1","Th17",-0.71623034066979,0.0174361143152679
"HC3_oral_GCGCCAATCCTTTCTC-1","Cytotoxic",-4.23332972116295,-0.114984485145334
"HC3_oral_AACCGCGTCCGTCAAA-1","NK-like",-4.5796882588369,3.34108695125985
"HC3_oral_CTGTTTAAGGTCGGAT-1","Th17",2.76411276273902,0.425381974492546
"HC3_oral_TTGTAGGTCCCTTGTG-1","Th17",-1.60880441255394,-1.02548232936454
"HC3_oral_ACGGGTCGTGCACGAA-1","Treg",-1.50439900941674,-3.94113627338004
"HC3_oral_GGCAATTCACGAGGTA-1","Th1/Tem",-1.06799454278771,2.49519261455941
"HC3_oral_TGCGTGGAGGACATTA-1","Th1/Tem",-0.80251545495812,1.71372613048958
"HC3_oral_GACCTGGCAGCCTGTG-1","Th17",2.31150608472999,-1.07675543689323
"HC3_oral_TGTCCCACAAAGAATC-1","Th17",-2.28450543470208,0.175797966484305
"HC3_oral_GGCGACTTCTTTCCTC-1","Cytotoxic",-4.28506297654931,-0.113097759719614
"HC3_oral_TAAGCGTGTTGGACCC-1","Cytotoxic",-5.9881731945974,-1.0119341936071
"HC3_oral_CGTGTCTGTGGCAAAC-1","Cytotoxic",-4.53079552240197,-0.506354662414316
"HC3_oral_ACAGCCGCATGGAATA-1","Th17",2.17729406767066,0.430877638224837
"HC3_oral_GCAGTTAAGATACACA-1","Th17",-2.91631541437928,-0.28039607667518
"HC3_oral_AAGGAGCCAGGTGGAT-1","Th17",3.70973377638038,-1.18449631595207
"HC3_oral_ACGGGTCAGGTGCTAG-1","Treg",-1.93723363466088,-4.17001238727165
"HC3_oral_GAACGGAGTTTGTGTG-1","Th17",-0.621519990633169,-0.76193836593223
"HC3_oral_GCATGTAAGCATCATC-1","Treg",-1.72486967630211,-2.92323175334525
"HC3_oral_ACGCCAGTCAGTACGT-1","Cytotoxic",-5.43567080087487,-0.209917220111612
"HC3_oral_AGCAGCCCAATAAGCA-1","Cytotoxic",-5.94286531991784,-1.14785817527366
"HC3_oral_TACGGATAGGCTAGCA-1","Th17",2.52703934126075,-1.50536087417198
"HC3_oral_ACGATGTCATAGAAAC-1","Cytotoxic",-4.96932036466424,0.16279941535401
"HC3_oral_TCCACACAGATCTGAA-1","Cytotoxic",-5.93109530992333,-0.417888196941141
"HC3_oral_CGAGCACAGGCATGGT-1","Th17",-3.81212139911477,-0.359871121879343
"HC3_oral_ATGCGATGTTTAGGAA-1","Th17",1.56445722990211,1.2106570873301
"HC3_oral_CACCACTTCAGCGATT-1","Th17",2.63977842741188,-1.64550557994438
"HC4_oral_CTCACACTCAGTCCCT-1","Treg",-1.75565511770073,-3.67512837314201
"HC4_oral_CAACTAGAGATATACG-1","Th17",0.460721544553599,0.259322119120833
"HC4_oral_AACTCAGGTAGCTTGT-1","Treg",-1.26737505979363,-3.74443188571525
"HC4_oral_GTAGTCATCACGATGT-1","Th17",0.797262481977305,1.35479488706994
"HC4_oral_TGGCTGGTCCTGCTTG-1","Th17",0.216481737424693,-0.973761590953592
"HC4_oral_CACCTTGCAATGGACG-1","Th17",0.493752531339488,-0.0642799463231598
"HC4_oral_TCTCATACAACAACCT-1","Tcm",2.68453674726661,-3.7052649583776
"HC4_oral_TGCGTGGAGAGTGACC-1","Th1/Tem",-2.36519218272988,1.85291704273629
"HC4_oral_ATGCGATAGGAATGGA-1","NK-like",-5.15262860841576,2.91564711666512
"HC4_oral_GCGCAACAGCGTGAGT-1","Treg",-1.68336672372643,-3.88829031848503
"HC4_oral_ACTTGTTAGGACTGGT-1","Cytotoxic",-4.8246458250982,-0.858103903766397
"HC4_oral_CTGCCTAGTTTGTTTC-1","Th17",-0.541981883714834,-0.625484737392191
"HC4_oral_TCATTTGTCGCTTAGA-1","Th1/Tem",-3.71177113838021,3.12850221729684
"HC4_oral_CGAGCACTCAACGAAA-1","Th17",0.12335877828773,0.815144983295676
"HC4_oral_CCATGTCTCTCGTATT-1","Th17",1.41499023847755,-0.996468934055093
"HC4_oral_GGCTGGTAGATATGGT-1","Th17",-0.418669887254873,-1.2891192760427
"HC4_oral_CACACCTCACTTAAGC-1","NK-like",-4.58667773790185,2.42023488617348
"HC4_oral_CAGCTGGCACGCTTTC-1","Th17",-0.980838485429921,-1.34118452930045
"HC4_oral_AACTCCCAGAGTACCG-1","Th17",0.109894327451548,0.449934599165198
"HC4_oral_GACACGCTCTAACTGG-1","Th17",2.69004755430397,2.04686018562722
"HC4_oral_ACACCCTAGTGCCAGA-1","Tcm",2.57410078458961,-3.52044216060233
"HC4_oral_GTGCAGCGTCAGAAGC-1","Th17",0.325635723401866,0.8802868995707
"HC4_oral_CTGTTTACATATACCG-1","Cytotoxic",-4.84378964490716,-1.09617951774192
"HC4_oral_AGCATACCAAGGACTG-1","NK-like",-5.05689389295403,3.49791058636117
"HC4_oral_GGGTTGCAGATGCCTT-1","Th17",0.117933086683116,1.39153077936577
"HC4_oral_ACTGATGAGGAATCGC-1","Th17",1.16656380109962,1.21110155916619
"HC4_oral_ACGCAGCAGCGTAATA-1","Th17",1.13635521345314,-1.02703491115165
"HC4_oral_AAGACCTTCGTTTATC-1","Tcm",2.99212866239723,-4.27130309009147
"HC4_oral_TCAGATGTCAGGTTCA-1","Th17",3.17717104368385,1.75669023132729
"HC4_oral_TGACGGCGTAGTAGTA-1","Cytotoxic",-4.55746621675316,-0.71695533656669
"HC4_oral_CCAGCGACATGGATGG-1","Th17",1.22844248228248,0.856881705288168
"HC4_oral_AGGTCATAGACGCACA-1","Th17",1.70741444044288,2.40762123203683
"HC4_oral_CAGCGACGTCCAGTAT-1","Th17",-2.76677284426514,0.026941922668692
"HC4_oral_GTATTCTCAGGTCTCG-1","Th17",1.69070320539649,0.964048532013174
"HC4_oral_AGACGTTCACGAAAGC-1","NK-like",-4.33506674356286,2.93489727116036
"HC4_oral_ATCTGCCAGCTACCTA-1","Th1/Tem",-0.856452651689687,0.992633846763846
"HC4_oral_ACGCCGATCGCACTCT-1","Treg",-2.03146273679558,-3.69320813083244
"HC4_oral_AAGGTTCAGTCAAGGC-1","Treg",-1.686855741213,-3.53768387698722
"HC4_oral_TTGGCAATCGATCCCT-1","Th17",3.69721775465187,0.954155591491934
"HC4_oral_TAGACCAAGGGTCTCC-1","Th17",0.938550285627207,2.31452843285012
"HC4_oral_TCAGGTATCAAACCGT-1","Th17",0.227327398588023,-1.48679486178947
"HC4_oral_TCAGCAAGTCTCTCGT-1","Th1/Tem",-2.59658313579384,2.16419383621621
"HC4_oral_TTCTTAGGTTCAACCA-1","Th17",1.66574745588478,1.2663296732943
"HC4_oral_AACCATGAGGATATAC-1","Th17",0.483083061506114,-0.431789669032816
"HC4_oral_CCGTACTTCGGCGCTA-1","Tcm",2.72187357359107,-4.32437744998527
"HC4_oral_TTCTCCTAGCCGGTAA-1","Th1/Tem",-3.1100384969217,2.11421546078133
"HC4_oral_CACCAGGGTCCTGCTT-1","Th1/Tem",-2.23868680782143,1.70231923199105
"HC4_oral_ACCGTAATCGCAAGCC-1","Th17",0.70867519788917,0.673084703449484
"HC4_oral_TCAGATGGTGGCAAAC-1","Th17",1.0867722552317,0.401282002393481
"HC4_oral_TGGGAAGTCCGCGGTA-1","Th1/Tem",-1.90063650197808,1.96851321793008
"HC4_oral_GTAACGTGTATAGGTA-1","NK-like",-4.75994641370598,2.80895766354012
"HC4_oral_CACTCCAGTCTAAACC-1","Th17",1.48901634626564,1.98363503551888
"HC4_oral_CTAGAGTCAAACGCGA-1","Th1/Tem",-2.1339274126989,1.97718044853615
"HC4_oral_AGCGTATTCAAACCAC-1","Th17",3.63870792799171,1.34134497976708
"HC4_oral_GATCGTATCAAACGGG-1","Treg",-1.58016283101861,-3.36180034541679
"HC4_oral_GCTGGGTAGGAGTTTA-1","Th17",1.58527403288063,0.835244384769675
"HC4_oral_TCTGGAACAGCCTATA-1","Th17",3.8187697451609,1.76138481235909
"HC4_oral_AAAGATGTCGGAAACG-1","Th17",0.17691831999,-0.0573331441838776
"HC4_oral_CCGGGATAGTAGTGCG-1","Th17",1.72263031416114,2.16440650558877
"HC4_oral_ACTTTCATCTTTACAC-1","Cytotoxic",-5.51206464357201,-1.06656125449729
"HC4_oral_ACCAGTAAGTTACCCA-1","Tcm",3.13738851957496,-4.8604744996984
"HC4_oral_TGTGGTAAGTCGCCGT-1","Th17",0.666098646451792,-1.37175873183799
"HC4_oral_TCGAGGCAGAAAGTGG-1","Th17",1.45480804853614,-1.26244548224998
"HC4_oral_TCGTAGAGTTACCAGT-1","NK-like",-4.68515653199975,2.93301757908272
"HC4_oral_CACACTCCAGGCAGTA-1","Th17",1.80450516157325,2.50587710476327
"HC4_oral_GCTGCGAAGAATTCCC-1","NK-like",-5.13901621885125,3.39236005878853
"HC4_oral_AAGGTTCCACGGTAGA-1","Th17",1.04925470762428,-1.35169866942954
"HC4_oral_GAACATCCACCCATGG-1","Th17",4.61117391996559,0.403664198879477
"HC4_oral_GGAATAACACGTCTCT-1","Th17",2.69012957029518,1.20033368206429
"HC4_oral_ATCTGCCTCGTATCAG-1","Th1/Tem",-3.17849779910866,1.78738495445656
"HC4_oral_GGACAAGAGAGCTGCA-1","Th1/Tem",-2.58744282312218,1.86449858284402
"HC4_oral_AACTCTTCATAACCTG-1","NK-like",-5.00398392267052,3.09045156574654
"HC4_oral_ATTATCCAGGCTCAGA-1","NK-like",-4.07652515954796,3.12677702045846
"HC4_oral_ACAGCTACATCCCATC-1","Th17",3.01852112226661,1.1135980162661
"HC4_oral_GACACGCGTAAAGGAG-1","NK-like",-5.06332571096245,2.42893942928719
"HC4_oral_CCTCTGACATAACCTG-1","Tcm",2.94189052992042,-3.87188664340568
"HC4_oral_GTGCATATCTCGGACG-1","Th17",4.05330353193458,1.99103292560982
"HC4_oral_GGGAATGAGGCATGTG-1","Th17",1.94661980085548,0.0871628794710602
"HC4_oral_GGTGTTACATAGACTC-1","Th17",1.20234899931129,-1.29747703933311
"HC4_oral_TAAGAGAAGACCCACC-1","Th17",2.27181749754127,-1.61779228114677
"HC4_oral_AGCATACTCTTGGGTA-1","NK-like",-4.59334749765221,3.3190430078547
"HC4_oral_GTTCGGGGTCTGATCA-1","Th1/Tem",-2.15720743722741,1.63889333343911
"HC4_oral_CAGCATAGTTGTGGCC-1","Tcm",3.70535259657081,-3.9232734765966
"HC4_oral_GACGGCTAGTACGACG-1","Th1/Tem",-2.21343482322518,1.75119885540414
"HC4_oral_TTTGTCATCCTGCAGG-1","Th1/Tem",-2.14294201917473,1.81157132721352
"HC4_oral_AAGTCTGCAATCTACG-1","Th17",1.59215908460792,-0.745786937709573
"HC4_oral_AGAATAGAGACAGACC-1","NK-like",-4.86465925760094,3.44231280422616
"HC4_oral_GTTTCTACAATCCAAC-1","Cytotoxic",-5.09454078264061,0.563595553104159
"HC4_oral_CTGTGCTAGGCATGGT-1","Th1/Tem",-1.45539457387749,1.40644958353448
"HC4_oral_TTTCCTCAGCCCGAAA-1","Th17",3.19507913999732,1.77974042034554
"HC4_oral_AACTCAGCAAGAGTCG-1","Th17",1.70932655744728,0.770349380735632
"HC4_oral_ACTATCTCATGCAACT-1","Th17",1.35280971937355,-1.04649153613639
"HC4_oral_ACCCACTGTAGAAGGA-1","Th1/Tem",-3.66490662879769,2.96942290401864
"HC4_oral_TACTTGTTCAAGAAGT-1","Th1/Tem",-3.41200587935273,2.98403009510445
"HC4_oral_CTCTAATTCTGCGGCA-1","Treg",-1.4339649159414,-4.05912342929435
"HC4_oral_TGCACCTCACGTGAGA-1","Th17",0.882552437116465,-1.28146484756065
"HC4_oral_TACTTACAGGGATCTG-1","Th17",0.44970851354774,-1.63202038669181
"HC4_oral_TACACGATCCGATATG-1","NK-like",-5.06700987405602,3.5699966821711
"HC4_oral_GCATGATCATAGTAAG-1","Tcm",3.4428194087046,-4.98920384311271
"HC4_oral_CATGCCTAGTGCCATT-1","NK-like",-4.63198620862786,2.66348370647835
"HC4_oral_TGAGCATCATCTATGG-1","NK-like",-5.05921692437951,3.55927833652901
"HC4_oral_ATTTCTGTCCCGGATG-1","NK-like",-4.87533754892174,2.96342047787118
"HC4_oral_CCCAATCAGTCCATAC-1","Th17",3.8555858653086,0.125531462196585
"HC4_oral_TGAAAGAAGAAGGGTA-1","Th17",0.317328266431651,1.66615065670418
"HC4_oral_CGGACTGGTACTTAGC-1","Th17",-0.58155746049706,-0.0826099243123566
"HC4_oral_CCTACACGTTGTGGAG-1","Th17",-2.06277150697533,0.238857490185973
"HC4_oral_TGTGGTAAGGCATGGT-1","Th17",4.34066944532569,1.64261814690041
"HC4_oral_CTAATGGCAATCTACG-1","Th17",3.19146280698951,1.42900654411721
"HC4_oral_TGTCCCAAGGATGTAT-1","Th17",2.85047321729835,0.629169103864905
"HC4_oral_CACAGTACAATTGCTG-1","Th17",1.79868393354591,1.10085525846886
"HC4_oral_CTCGGGATCCATTCTA-1","NK-like",-5.0242113549215,2.80233368015694
"HC4_oral_TCGAGGCCACGAAACG-1","Th17",2.85294228010353,0.0289805803339447
"HC4_oral_TGGCTGGCATCGGACC-1","Th17",0.26994400434669,-1.49625399970603
"HC4_oral_TGGTTAGGTTGTCGCG-1","Th17",1.24197559766944,1.68874892330575
"HC4_oral_GGACAAGCAAGTCATC-1","NK-like",-5.21804852075402,2.81436833477425
"HC4_oral_CGTCCATGTACAGTGG-1","Cytotoxic",-4.55556876249138,-0.228326114650491
"HC4_oral_AAAGTAGGTGCCTGCA-1","Th17",3.45752888136085,2.43285116291451
"HC4_oral_CGATGTAAGTGCAAGC-1","Th17",1.97780065946754,2.85766419506478
"HC4_oral_CATGACACAAGGTTTC-1","Th17",2.87235193662818,2.45347270107674
"HC4_oral_CGAGAAGCACGGCGTT-1","Th17",3.87731628828224,2.16961642837929
"HC4_oral_GGTGTTATCGACGGAA-1","Th17",1.1310084383982,-1.33462992572379
"HC4_oral_GGTATTGGTACAAGTA-1","Th1/Tem",-1.5159459788305,1.75928660965371
"HC4_oral_CGAATGTGTTCCCTTG-1","Th17",4.3210046809214,1.03240695333886
"HC4_oral_TATCAGGGTTCGCGAC-1","Th17",-0.38639349527184,-1.7935287084539
"HC4_oral_CTACCCAAGACTACAA-1","Th17",0.200290493299327,1.15154602861809
"HC4_oral_CATCGAATCAGTTCGA-1","Th1/Tem",-0.803355165193715,1.81886073685097
"HC4_oral_TATCAGGAGTGGTAAT-1","NK-like",-4.97788936681572,2.61520060635018
"HC4_oral_CAAGAAACACAGGTTT-1","Th1/Tem",-3.73358375615899,2.98853787517953
"HC4_oral_TTAGGACCAGATGGCA-1","Th17",3.82329159193214,2.1732304964106
"HC4_oral_CTGTGCTCATCTCCCA-1","Th17",3.38293390684303,1.22533663845467
"HC4_oral_TACGGTATCGCTAGCG-1","Th17",4.43966370039161,1.84056874847817
"HC4_oral_CAGCTGGGTTACGTCA-1","Th17",1.6488364260691,1.94016775226998
"HC4_oral_GTACTCCTCCCTAATT-1","Th17",-0.460213132570424,-1.68843880557609
"HC4_oral_CTCGGAGCATGCGCAC-1","Th17",3.8068969767588,1.47849246597695
"HC4_oral_CGATGGCTCGAATCCA-1","Th17",0.180530361463389,0.142267820600745
"HC4_oral_AGCGGTCGTAGAGTGC-1","Th17",0.259203008939585,-1.08739915752006
"HC4_oral_TACTCGCCAGACACTT-1","Th1/Tem",-1.86842400617425,1.7557911548655
"HC4_oral_CGAGCCACATCGACGC-1","Th17",-2.67167324609582,-0.590346011157755
"HC4_oral_TGTGGTAGTCTAGTGT-1","Th17",1.78290968351539,0.359702964488741
"HC4_oral_ACGCAGCGTTCAGACT-1","Cytotoxic",-5.26385945863549,0.285694775346991
"HC4_oral_GGGAATGTCCCGACTT-1","NK-like",-5.19089109487359,3.28293165302682
"HC4_oral_TTGTAGGGTACAGACG-1","Th17",4.10012512617286,0.914136526350256
"HC4_oral_TCGGTAAGTAAATACG-1","Th17",-0.353547759721914,-1.36329737567497
"HC4_oral_CTCCTAGTCACATACG-1","Th17",1.71317701749977,2.30389174557137
"HC4_oral_CATTATCAGAACAACT-1","NK-like",-4.14818448610131,3.24353822803902
"HC4_oral_CTCACACGTTGCCTCT-1","Th17",3.43983536176856,0.585949992005106
"HC4_oral_CTCCTAGCACCATGTA-1","Cytotoxic",-4.64355547017876,0.0523477170507873
"HC4_oral_ACCCACTAGCAACGGT-1","Th17",4.34188108854469,0.0331887576620544
"HC4_oral_AAAGCAAAGGATGTAT-1","Th17",0.156708530713877,-0.877542528148416
"HC4_oral_TTCGAAGAGGCGTACA-1","Th17",0.000772051145395913,1.83452579117226
"HC4_oral_TCGGTAAAGCCTCGTG-1","Th17",3.10593204908546,2.05767592525887
"HC4_oral_CCAGCGATCCTATTCA-1","Cytotoxic",-5.22252602166955,-0.0236634638268982
"HC4_oral_GGACAGAGTTACGACT-1","Cytotoxic",-5.31872005052392,-0.561033638950113
"HC4_oral_CCACTACAGCCTCGTG-1","Treg",-1.84782893247429,-3.98098364734245
"HC4_oral_CAGATCACAAACCTAC-1","Cytotoxic",-5.10109872407738,-0.403766545291666
"HC4_oral_GTAGGCCTCTTGTTTG-1","Th1/Tem",-3.36085663027588,2.20882662868905
"HC4_oral_CTACCCACAATGTAAG-1","Th17",1.68973188810523,0.618739438418623
"HC4_oral_CAGCTAAGTACACCGC-1","Th1/Tem",-1.85655445642296,1.93689140415597
"HC4_oral_TACAGTGTCTGCGGCA-1","Th1/Tem",-2.02096325940911,1.62101050949502
"HC4_oral_CGGACGTTCACATGCA-1","Cytotoxic",-4.60453219003502,1.48553964233803
"HC4_oral_TCGGGACGTCTAGTGT-1","Treg",-2.37949789352242,-3.94479123019767
"HC4_oral_CATATGGAGACCGGAT-1","Th17",2.37698154859718,2.49287184811043
"HC4_oral_TCAGCAAAGAGTAATC-1","Th1/Tem",-1.61455804891411,1.21329626179146
"HC4_oral_GATCGTAAGGTTCCTA-1","Th17",1.2371480982798,-0.422080132003549
"HC4_oral_CGGACGTCACCTGGTG-1","Th17",0.0131431143778178,-0.599395784374002
"HC4_oral_ATCGAGTGTTGGTAAA-1","Th17",1.1369579356211,1.51975425815987
"HC4_oral_GTATCTTTCTCTTATG-1","Th1/Tem",-3.4229222167236,1.66208407020974
"HC4_oral_TCTATTGTCAGGCGAA-1","Th1/Tem",-1.03743738717858,2.4775894556086
"HC4_oral_CAGGTGCGTATCTGCA-1","Th17",1.26321583204444,0.998730209831473
"HC4_oral_TTAGTTCTCCGCAGTG-1","Th17",1.88810854368385,2.22716256714272
"HC4_oral_GTTCGGGAGATCCCAT-1","NK-like",-4.97891480512444,2.73780616856026
"HC4_oral_TATGCCCGTTACCGAT-1","Treg",-2.00991458482567,-4.18415108584953
"HC4_oral_CCAGCGACATTTCACT-1","NK-like",-5.22090525216881,3.02986845112252
"HC4_oral_CGTTAGATCAACACAC-1","Th17",1.53146343641456,1.38715615606713
"HC4_oral_GATGAGGTCAATCACG-1","Treg",-2.12242741174523,-4.21423283481193
"HC4_oral_CACACTCTCAAGGCTT-1","Th17",0.0822127383249613,-1.60459056758476
"HC4_oral_TTGACTTGTTGTTTGG-1","Th17",-1.14954704828087,-1.11124328040672
"HC4_oral_AGAGTGGTCTTGAGGT-1","Th1/Tem",-3.59598202295128,2.18605681991982
"HC4_oral_CTACACCTCATCGATG-1","Th17",-1.1151434857351,-0.321341010566476
"HC4_oral_CAGCAGCTCGCGCCAA-1","Th17",-0.456538625429311,-0.267541738982919
"HC4_oral_AACCGCGTCGCATGAT-1","NK-like",-4.88671655244652,2.57352313137459
"HC4_oral_GCTGCAGCAAACAACA-1","Th1/Tem",-0.479961105058828,2.42063304520058
"HC4_oral_CTCACACAGCCAACAG-1","Th17",1.28908091001686,1.39885690546441
"HC4_oral_AGAATAGTCTAACTGG-1","NK-like",-5.11497432775322,3.59527834988045
"HC4_oral_ACCCACTTCGAATGCT-1","Th1/Tem",-1.9857387024862,1.93362518883156
"HC4_oral_AGGGTGAGTGTTCTTT-1","Th17",2.47010450773414,-1.30226269626212
"HC4_oral_TGCGCAGAGTCGTTTG-1","Th1/Tem",-0.951715179155507,0.838129011158224
"HC4_oral_TATCTCAAGATGTAAC-1","Cytotoxic",-5.33219952173058,-0.132715436454538
"HC4_oral_TGCCAAATCCGAAGAG-1","Cytotoxic",-5.00542087144677,0.0385166082422699
"HC4_oral_CTTCTCTGTCTTCAAG-1","Tcm",2.92962675504859,-4.09958687686515
"HC4_oral_ACGATGTAGGCTATCT-1","Cytotoxic",-5.81573862619225,-0.972783717151407
"HC4_oral_CGCGTTTCAGGGTTAG-1","Th17",4.15182619505104,1.15909936762261
"HC4_oral_CCATTCGGTGTTCGAT-1","Cytotoxic",-4.41365987844292,-0.39384594821525
"HC4_oral_TACTCGCCAGGAATGC-1","Th1/Tem",-1.6787238795263,1.61320683098244
"HC4_oral_ACACCCTCACAACGTT-1","Th17",2.98133497648414,0.504311570141789
"HC4_oral_GACCAATAGCCCAGCT-1","Cytotoxic",-5.14639980382744,0.066214737657782
"HC4_oral_TCTTCGGAGGCCCGTT-1","NK-like",-4.38545412607018,2.71547540760445
"HC4_oral_ACGAGCCCATTCTCAT-1","Cytotoxic",-5.64579672403161,-0.521198185916666
"HC4_oral_GCGGGTTCATACGCTA-1","NK-like",-4.78657550401513,2.48717364406991
"HC4_oral_TCCACACAGGTCGGAT-1","NK-like",-4.90437001771752,3.47148903942513
"HC4_oral_ACGTCAACACCTCGGA-1","Cytotoxic",-5.05085951871697,0.45529916806924
"HC4_oral_AACACGTAGATATGGT-1","Th17",1.46132688932594,0.820009884599921
"HC4_oral_GGCGTGTTCAACGCTA-1","Th17",1.31800156049903,-1.53608742618156
"HC4_oral_TTGCGTCAGTCGTTTG-1","Th17",2.62315254621681,0.574519065384146
"HC4_oral_CTGCGGAAGGCTACGA-1","Th17",0.240799478818736,2.08158191776681
"HC4_oral_GTTACAGCACCCATTC-1","Th17",2.48950033598121,-1.58467021846366
"HC4_oral_CCACGGAGTTGGTAAA-1","Treg",-2.16648180074517,-3.33631220721794
"HC4_oral_AAATGCCCAATCCAAC-1","Th17",1.01725225858863,-1.6276921358068
"HC4_oral_TACTCATCAGTTAACC-1","Cytotoxic",-5.74095243997399,-1.21641090774131
"HC4_oral_CTGATAGGTACCGTAT-1","Th1/Tem",-0.92443174905602,1.97692689037728
"HC4_oral_AAAGCAAGTCGACTGC-1","Cytotoxic",-4.09803099222008,0.0321606967489685
"HC4_oral_CCTTCGAGTTCACGGC-1","Th1/Tem",-1.55643016881768,1.35910179949212
"HC4_oral_CCGTACTAGGTAGCTG-1","Th1/Tem",-0.67289537973229,1.89588293171334
"HC4_oral_AGAGCGACACGAAATA-1","Th1/Tem",-1.47405392713372,0.765869704250571
"HC4_oral_CAGTAACCAAGAAGAG-1","Cytotoxic",-5.0913397747976,-0.288574489589456
"HC4_oral_CCTATTAAGATGAGAG-1","Th17",2.39881687574562,1.75187846756386
"HC4_oral_AAGGAGCCAGGGATTG-1","Th17",-1.96390730924431,0.349512678746458
"HC4_oral_GTATTCTGTTGGACCC-1","Th1/Tem",-0.745697208116689,2.44094273186135
"HC4_oral_CGAATGTAGTTCGCAT-1","Th17",-0.336533017824331,-0.864947351451639
"HC4_oral_GGGAATGGTCACTGGC-1","Treg",-1.9809722382528,-4.02383986377311
"HC4_oral_CGTCAGGGTTCCACGG-1","Th17",1.33840446882423,2.77148875332284
"HC4_oral_TCGCGAGGTACCGCTG-1","Cytotoxic",-4.6959061104757,0.078481194738623
"HC4_oral_GGGAATGGTTGCGTTA-1","Treg",-2.28906161374871,-3.69471827411247
"HC4_oral_ATGGGAGTCTGCTGTC-1","Cytotoxic",-5.43962592668358,-0.955792459483865
"HC4_oral_GTGCAGCGTTAAGATG-1","Cytotoxic",-5.10265321321312,0.569119279448267
"HC4_oral_GTCCTCAAGCAAATCA-1","Th1/Tem",-3.57893572039429,2.89298829174447
"HC4_oral_CACACTCCACGGTAAG-1","Th17",-2.3334861475927,0.828672734264609
"HC4_oral_TGAGCATCACAGCGTC-1","Cytotoxic",-5.03008956498925,0.296367597941634
"HC4_oral_CTCGAGGCAAGCGCTC-1","Cytotoxic",-5.65849656648461,-0.115173133846048
"HC4_oral_GTGGGTCAGACAGGCT-1","Th17",-1.56931335515801,-0.951491626735452
"HC4_oral_CAGCGACGTCTAAACC-1","NK-like",-4.63050324506585,2.73554643726754
"HC4_oral_TGAGAGGGTTCACGGC-1","Th17",-0.432629771898427,0.199966696266409
"HC4_oral_TTTGCGCCACAAGACG-1","Cytotoxic",-5.17549759931389,-1.41201666259361
"HC4_oral_CTGAAACTCAGCGATT-1","Th17",1.77854662351783,2.4291789207499
"HC4_oral_AAGGAGCGTCTAGAGG-1","NK-like",-4.99028629846398,3.48149022198128
"HC4_oral_TTAGTTCAGCCGGTAA-1","Th17",2.0006340067881,0.0809042427580322
"HC4_oral_CCACTACCAACTGCTA-1","Th17",2.80168657713111,-0.055912229057077
"HC4_oral_CGAATGTCACCAGCAC-1","Cytotoxic",-3.87857324666802,-0.155581447120432
"HC4_oral_AGTTGGTAGGGATCTG-1","Th17",2.55041342191871,-0.113956603046182
"HC4_oral_ACACCCTCACGACTCG-1","Th1/Tem",-3.66779402680222,3.07036813831734
"HC4_oral_AGTGGGACAGTAAGAT-1","Th1/Tem",-1.30429322309319,2.22932561970162
"HC4_oral_CTGAAACAGACGACGT-1","Cytotoxic",-5.64506430215661,-1.55520764255119
"HC4_oral_TGTCCCATCTACGAGT-1","Th17",2.64615564756568,-1.14357391261649
"HC4_oral_TACAGTGGTTATGCGT-1","Th17",0.893604091932139,-1.55402699374748
"HC4_oral_GACCTGGTCTAACTGG-1","Th1/Tem",-1.37397534437005,2.16289278603005
"HC4_oral_TTCTCAACAGATGGGT-1","Cytotoxic",-5.05012912339989,0.0185396645109619
"HC4_oral_GATGAGGTCCAGAGGA-1","Th17",1.00089722089942,-0.39796439075065
"HC4_oral_GATCGCGAGGATGCGT-1","Cytotoxic",-4.87584216184441,0.257490930322882
"HC4_oral_CACACTCTCGCGATCG-1","Th17",-0.934765048692861,-1.0473242130239
"HC4_oral_GGACGTCAGCCAGAAC-1","Th17",-1.82789237088982,-0.406174036498788
"HC4_oral_TAAACCGCAGATGAGC-1","Th17",0.643296531965098,2.24954339600014
"HC4_oral_TAAACCGAGTGTACGG-1","Th17",1.19457846098121,-0.862245353694681
"HC4_oral_CCGTACTGTCTAAAGA-1","Cytotoxic",-4.95522172040764,-0.719816836353067
"HC4_oral_AGCGTATGTTGGTAAA-1","Cytotoxic",-5.99219507760827,-0.891904267307047
"HC4_oral_TACTCATAGAGTAAGG-1","Th17",-1.28163201398675,0.424238243315693
"HC4_oral_TTTGGTTTCAATCTCT-1","Cytotoxic",-3.39827113635365,-0.191449793811563
"HC4_oral_TTAACTCTCCGAATGT-1","Th17",-2.30701971835915,-2.9403838243444
"HC4_oral_CACCTTGCAACACCTA-1","Th17",-1.74268538541619,-1.00637629890037
"HC4_oral_AGGTCATGTACCGTTA-1","Th1/Tem",-0.895946212480703,2.14240821934151
"HC4_oral_CATGGCGGTCGTCTTC-1","Cytotoxic",-4.48926431722466,0.219511029485937
"HC4_oral_GTTAAGCTCAGAGGTG-1","Th17",-0.803536840150991,-1.30103352927757
"HC4_oral_CACTCCAAGATAGGAG-1","Cytotoxic",-4.54432684964959,-0.36402359866691
"HC4_oral_TCCCGATAGTCGAGTG-1","Cytotoxic",-4.27561361379448,-0.589903387065652
"HC4_oral_TCATTACGTAACGACG-1","Cytotoxic",-4.40256328172509,-0.403088542457346
"HC4_oral_GTACTTTGTCAGAGGT-1","Th1/Tem",-0.988363691042104,1.56103405094552
"HC4_oral_CTGAAACTCCGAACGC-1","Th17",-0.475416846941152,-1.57189741992545
"HC4_oral_CAGCATATCTGGAGCC-1","Treg",-1.90754420347039,-3.60528126620841
"HC4_oral_CTCATTATCGGCGGTT-1","Th17",0.217317394544444,-0.565081748004678
"HC4_oral_CCCATACAGCGTGTCC-1","Cytotoxic",-5.79685301370446,-1.05758622550559
"HC4_oral_TATCTCATCGGAGCAA-1","Th17",-0.0178143460256246,-1.65152731799674
"HC4_oral_ACGATGTAGAGATGAG-1","Th1/Tem",-1.30135066098992,0.833914009098288
"HC4_oral_TCTTTCCGTCTTCGTC-1","Th17",-1.60022491998498,-0.0379385080297028
"HC4_oral_GTCGGGTCATCTGGTA-1","Th17",3.60095816068824,-1.27611294650627
"HC4_oral_CCTACCATCCCGGATG-1","Th17",-4.00367427654091,-0.376893791194681
"HC4_oral_ACTGAGTAGCTCCTCT-1","Th17",-0.462613530824819,-1.55276623630119
"HC4_oral_GATCGATGTCTGGAGA-1","Th17",1.15908604078468,0.113153186802145
"HC4_oral_GTTCATTCAATAGCAA-1","Th1/Tem",-2.69768393821541,2.72367009258675
"HC4_oral_TTGTAGGCACCAGGTC-1","Th17",4.20868187360939,1.61274203396248
"HC4_oral_ACTGTCCTCAAACGGG-1","Th17",-1.93235046453301,-0.600880297656778
"HC4_oral_GACTGCGCAGTCGATT-1","Th17",-0.221491046617666,-1.5191465940435
"HC4_oral_GAATGAACAGATCGGA-1","Th17",-0.769432969759145,-0.148906144138101
